row_index,model,customer_id,age,gender,employment_status,annual_income,loan_application_amount,total_outstanding_debt,late_payment_count,mobile_banking_logins,online_transfer_frequency,atm_withdrawal_frequency,actual_credit_risk,predicted_credit_risk,high_risk_probability,threshold,probability_margin_from_threshold,error_type,decision_meaning
4208,Logistic Regression,CUST_04208,53,Male,Unemployed,43549.0166,12958.271,8634.4523,1,40,17,7,1,0,0.2702,0.5,0.2298,false_negative,High-risk borrower could be missed by the model.
4366,Logistic Regression,CUST_04366,21,Female,Unemployed,70819.1246,10245.3244,16606.0053,0,78,5,0,1,0,0.1404,0.5,0.3596,false_negative,High-risk borrower could be missed by the model.
2440,Logistic Regression,CUST_02440,63,Other,Self-Employed,34681.3786,6442.5236,14312.0916,1,54,15,0,1,0,0.1653,0.5,0.3347,false_negative,High-risk borrower could be missed by the model.
3316,Logistic Regression,CUST_03316,44,Other,Self-Employed,71818.7828,10212.8107,9985.751,1,9,16,1,1,0,0.1596,0.5,0.3404,false_negative,High-risk borrower could be missed by the model.
3806,Logistic Regression,CUST_03806,63,Other,Employed,50415.486,5544.2781,15563.8486,5,29,1,5,1,1,0.8672,0.5,0.3672,true_positive,High-risk borrower correctly flagged.
2622,Logistic Regression,CUST_02622,39,Female,Employed,57533.7978,12871.1846,9626.582,2,54,12,1,1,0,0.4208,0.5,0.0792,false_negative,High-risk borrower could be missed by the model.
405,Logistic Regression,CUST_00405,54,Male,Employed,63352.5573,8578.1849,14606.9702,6,9,11,8,1,1,0.9391,0.5,0.4391,true_positive,High-risk borrower correctly flagged.
1259,Logistic Regression,CUST_01259,53,Other,Self-Employed,13432.0764,15931.6971,6011.9096,5,54,6,5,1,1,0.8566,0.5,0.3566,true_positive,High-risk borrower correctly flagged.
481,Logistic Regression,CUST_00481,22,Male,Unemployed,43449.5919,17889.5943,18425.6199,4,20,16,7,1,1,0.8156,0.5,0.3156,true_positive,High-risk borrower correctly flagged.
2580,Logistic Regression,CUST_02580,30,Female,Self-Employed,15305.3163,15994.1672,11485.8993,2,57,1,8,0,0,0.3981,0.5,0.1019,true_negative,Good borrower correctly not flagged.
588,Logistic Regression,CUST_00588,51,Other,Employed,64603.9457,14524.4529,6377.8632,7,19,17,6,1,1,0.9746,0.5,0.4746,true_positive,High-risk borrower correctly flagged.
1874,Logistic Regression,CUST_01874,46,Female,Unemployed,63943.8194,8539.0073,8849.0726,1,75,8,3,1,0,0.2385,0.5,0.2615,false_negative,High-risk borrower could be missed by the model.
1342,Logistic Regression,CUST_01342,66,Female,Unemployed,39175.6133,14213.0091,13648.591,2,73,6,4,0,0,0.3908,0.5,0.1092,true_negative,Good borrower correctly not flagged.
2054,Logistic Regression,CUST_02054,47,Other,Unemployed,69749.9839,1200.6249,8665.61,5,21,2,4,1,1,0.8024,0.5,0.3024,true_positive,High-risk borrower correctly flagged.
4466,Logistic Regression,CUST_04466,54,Female,Self-Employed,53311.0352,4570.8966,19740.8213,7,26,8,8,1,1,0.9751,0.5,0.4751,true_positive,High-risk borrower correctly flagged.
3177,Logistic Regression,CUST_03177,62,Male,Employed,43520.5684,4424.5712,13284.0952,6,61,5,4,1,1,0.9333,0.5,0.4333,true_positive,High-risk borrower correctly flagged.
172,Logistic Regression,CUST_00172,64,Other,Self-Employed,33558.3477,1712.2285,9281.8005,4,33,9,2,1,1,0.6578,0.5,0.1578,true_positive,High-risk borrower correctly flagged.
1313,Logistic Regression,CUST_01313,68,Female,Self-Employed,47923.3467,10999.9152,11817.0301,6,60,0,5,1,1,0.9502,0.5,0.4502,true_positive,High-risk borrower correctly flagged.
3850,Logistic Regression,CUST_03850,65,Female,Employed,26416.3309,8259.7889,14948.8126,6,31,12,3,1,1,0.9452,0.5,0.4452,true_positive,High-risk borrower correctly flagged.
1069,Logistic Regression,CUST_01069,59,Female,Self-Employed,45368.4044,8086.6653,3708.9069,5,71,10,1,1,1,0.849,0.5,0.349,true_positive,High-risk borrower correctly flagged.
603,Logistic Regression,CUST_00603,41,Other,Employed,79897.8543,2872.2512,8215.5029,3,78,19,8,1,1,0.5265,0.5,0.0265,true_positive,High-risk borrower correctly flagged.
1110,Logistic Regression,CUST_01110,33,Male,Self-Employed,52368.6733,11254.9811,5423.8036,4,8,4,7,1,1,0.7647,0.5,0.2647,true_positive,High-risk borrower correctly flagged.
2002,Logistic Regression,CUST_02002,28,Male,Self-Employed,29027.0009,7442.6497,18776.9788,7,11,10,6,1,1,0.9742,0.5,0.4742,true_positive,High-risk borrower correctly flagged.
3014,Logistic Regression,CUST_03014,50,Other,Unemployed,76230.0154,4900.7803,15933.5961,1,15,3,8,1,0,0.1812,0.5,0.3188,false_negative,High-risk borrower could be missed by the model.
1753,Logistic Regression,CUST_01753,38,Other,Employed,21839.8282,5094.111,3413.2759,2,30,0,6,1,0,0.3351,0.5,0.1649,false_negative,High-risk borrower could be missed by the model.
2771,Logistic Regression,CUST_02771,47,Male,Employed,71967.7384,2068.1144,21893.3202,6,39,18,8,1,1,0.9349,0.5,0.4349,true_positive,High-risk borrower correctly flagged.
4619,Logistic Regression,CUST_04619,34,Male,Self-Employed,54120.9239,10138.06,4596.9278,3,4,9,2,1,1,0.5348,0.5,0.0348,true_positive,High-risk borrower correctly flagged.
952,Logistic Regression,CUST_00952,62,Other,Unemployed,72522.5107,7238.9944,11209.1518,1,17,3,3,1,0,0.184,0.5,0.316,false_negative,High-risk borrower could be missed by the model.
2532,Logistic Regression,CUST_02532,61,Male,Employed,35766.1992,11783.4287,12686.6456,6,57,18,8,1,1,0.9492,0.5,0.4492,true_positive,High-risk borrower correctly flagged.
2237,Logistic Regression,CUST_02237,31,Other,Employed,83379.8018,9690.7079,23474.1579,6,24,7,0,1,1,0.9287,0.5,0.4287,true_positive,High-risk borrower correctly flagged.
1281,Logistic Regression,CUST_01281,39,Female,Unemployed,32652.3092,4113.5019,16214.1758,0,48,18,5,0,0,0.1402,0.5,0.3598,true_negative,Good borrower correctly not flagged.
966,Logistic Regression,CUST_00966,41,Female,Employed,57474.4142,11624.2988,12675.6682,1,48,7,9,0,0,0.3231,0.5,0.1769,true_negative,Good borrower correctly not flagged.
2936,Logistic Regression,CUST_02936,61,Male,Self-Employed,44637.5961,12824.2952,5590.5191,2,0,16,3,1,0,0.3553,0.5,0.1447,false_negative,High-risk borrower could be missed by the model.
4837,Logistic Regression,CUST_04837,38,Other,Unemployed,74479.9149,2536.0755,16202.0666,2,22,15,5,1,0,0.3309,0.5,0.1691,false_negative,High-risk borrower could be missed by the model.
1265,Logistic Regression,CUST_01265,44,Male,Employed,55314.2667,500.0,7820.1255,1,32,13,0,1,0,0.1888,0.5,0.3112,false_negative,High-risk borrower could be missed by the model.
2481,Logistic Regression,CUST_02481,65,Female,Employed,58197.055,8945.344,6112.6674,7,48,2,9,1,1,0.9762,0.5,0.4762,true_positive,High-risk borrower correctly flagged.
612,Logistic Regression,CUST_00612,28,Male,Employed,58062.7521,11121.6212,9069.2376,3,23,3,9,0,1,0.6142,0.5,0.1142,false_positive,Good borrower could be wrongly flagged as high risk.
1309,Logistic Regression,CUST_01309,66,Male,Unemployed,49806.6342,15908.4254,22337.9261,4,32,6,4,1,1,0.7781,0.5,0.2781,true_positive,High-risk borrower correctly flagged.
3388,Logistic Regression,CUST_03388,57,Other,Self-Employed,66824.0628,11293.5155,14597.8402,0,14,1,5,0,0,0.0819,0.5,0.4181,true_negative,Good borrower correctly not flagged.
4439,Logistic Regression,CUST_04439,39,Other,Self-Employed,33085.6643,8587.7823,19697.4389,5,29,12,8,1,1,0.8798,0.5,0.3798,true_positive,High-risk borrower correctly flagged.
2472,Logistic Regression,CUST_02472,65,Other,Self-Employed,64967.768,652.5939,17540.9664,4,23,2,4,1,1,0.6912,0.5,0.1912,true_positive,High-risk borrower correctly flagged.
776,Logistic Regression,CUST_00776,68,Male,Employed,41485.682,1658.1075,7430.3198,2,46,17,1,1,0,0.3077,0.5,0.1923,false_negative,High-risk borrower could be missed by the model.
4579,Logistic Regression,CUST_04579,40,Other,Self-Employed,56993.1138,11993.5552,5912.4896,2,53,8,9,0,0,0.4236,0.5,0.0764,true_negative,Good borrower correctly not flagged.
3594,Logistic Regression,CUST_03594,64,Male,Unemployed,73923.2977,13542.2017,5643.3223,1,2,19,7,1,0,0.2226,0.5,0.2774,false_negative,High-risk borrower could be missed by the model.
3815,Logistic Regression,CUST_03815,66,Male,Employed,38810.0839,9924.7782,24059.7327,2,49,18,3,1,0,0.4394,0.5,0.0606,false_negative,High-risk borrower could be missed by the model.
3332,Logistic Regression,CUST_03332,66,Female,Employed,49684.3536,7074.6422,10040.9553,0,61,14,2,0,0,0.0929,0.5,0.4071,true_negative,Good borrower correctly not flagged.
1492,Logistic Regression,CUST_01492,28,Male,Unemployed,25652.7074,8569.7772,16046.745,0,52,17,5,1,0,0.1151,0.5,0.3849,false_negative,High-risk borrower could be missed by the model.
214,Logistic Regression,CUST_00214,36,Female,Self-Employed,46047.1623,6834.1016,18393.6288,4,77,15,6,1,1,0.7677,0.5,0.2677,true_positive,High-risk borrower correctly flagged.
3217,Logistic Regression,CUST_03217,41,Male,Self-Employed,10000.0,3780.156,8149.7275,7,8,1,7,1,1,0.9732,0.5,0.4732,true_positive,High-risk borrower correctly flagged.
3310,Logistic Regression,CUST_03310,46,Female,Employed,49882.3062,7326.5601,15962.834,0,35,0,3,0,0,0.1118,0.5,0.3882,true_negative,Good borrower correctly not flagged.
1898,Logistic Regression,CUST_01898,37,Male,Unemployed,42435.1711,9872.1504,11044.0125,3,58,18,2,1,1,0.6223,0.5,0.1223,true_positive,High-risk borrower correctly flagged.
97,Logistic Regression,CUST_00097,20,Male,Employed,52939.149,9995.6223,12408.217,6,60,19,8,1,1,0.9479,0.5,0.4479,true_positive,High-risk borrower correctly flagged.
1016,Logistic Regression,CUST_01016,56,Other,Employed,63191.6165,13007.8202,3751.7707,6,4,8,9,1,1,0.9434,0.5,0.4434,true_positive,High-risk borrower correctly flagged.
2724,Logistic Regression,CUST_02724,24,Other,Employed,28215.2878,9505.6243,6870.6374,2,76,11,6,0,0,0.4414,0.5,0.0586,true_negative,Good borrower correctly not flagged.
3959,Logistic Regression,CUST_03959,27,Female,Employed,78666.7614,15372.3226,5652.9567,6,8,12,7,1,1,0.9366,0.5,0.4366,true_positive,High-risk borrower correctly flagged.
4976,Logistic Regression,CUST_04976,58,Male,Unemployed,37392.7247,13866.2085,16767.2195,1,15,14,1,1,0,0.2502,0.5,0.2498,false_negative,High-risk borrower could be missed by the model.
116,Logistic Regression,CUST_00116,47,Male,Employed,25979.8265,11082.0965,10395.6449,5,32,17,9,1,1,0.8934,0.5,0.3934,true_positive,High-risk borrower correctly flagged.
781,Logistic Regression,CUST_00781,41,Female,Employed,61221.3435,9965.3332,1943.5658,7,27,3,2,1,1,0.969,0.5,0.469,true_positive,High-risk borrower correctly flagged.
1405,Logistic Regression,CUST_01405,51,Male,Unemployed,66218.0958,8208.5496,8189.5348,7,27,17,7,1,1,0.9746,0.5,0.4746,true_positive,High-risk borrower correctly flagged.
3028,Logistic Regression,CUST_03028,67,Other,Employed,63072.3177,6727.9253,0.0,0,38,4,8,0,0,0.1265,0.5,0.3735,true_negative,Good borrower correctly not flagged.
3778,Logistic Regression,CUST_03778,48,Female,Self-Employed,63291.1721,16638.575,25398.4417,5,44,11,4,1,1,0.9193,0.5,0.4193,true_positive,High-risk borrower correctly flagged.
3820,Logistic Regression,CUST_03820,54,Other,Self-Employed,29213.1884,11499.5794,10848.773,5,18,13,2,1,1,0.8327,0.5,0.3327,true_positive,High-risk borrower correctly flagged.
1598,Logistic Regression,CUST_01598,52,Other,Self-Employed,68654.9294,3014.6351,15607.5151,1,73,16,0,0,0,0.1861,0.5,0.3139,true_negative,Good borrower correctly not flagged.
3980,Logistic Regression,CUST_03980,32,Female,Self-Employed,53446.2105,4309.2051,16120.6917,5,33,12,4,1,1,0.8706,0.5,0.3706,true_positive,High-risk borrower correctly flagged.
1582,Logistic Regression,CUST_01582,22,Female,Employed,43525.421,4805.8909,5546.9061,1,60,10,3,0,0,0.2172,0.5,0.2828,true_negative,Good borrower correctly not flagged.
3331,Logistic Regression,CUST_03331,21,Other,Self-Employed,83423.1859,9855.4339,13587.1085,5,1,6,4,1,1,0.8409,0.5,0.3409,true_positive,High-risk borrower correctly flagged.
2184,Logistic Regression,CUST_02184,52,Other,Employed,65571.2868,6005.0068,5062.9401,1,8,8,4,1,0,0.1414,0.5,0.3586,false_negative,High-risk borrower could be missed by the model.
168,Logistic Regression,CUST_00168,41,Female,Self-Employed,13767.6552,10883.0556,1168.4283,5,4,7,0,1,1,0.8381,0.5,0.3381,true_positive,High-risk borrower correctly flagged.
1700,Logistic Regression,CUST_01700,23,Other,Employed,65644.2957,3274.9374,16833.6287,2,75,17,1,1,0,0.3616,0.5,0.1384,false_negative,High-risk borrower could be missed by the model.
1630,Logistic Regression,CUST_01630,49,Other,Employed,47773.0909,7200.0087,10405.9148,1,33,6,5,0,0,0.1909,0.5,0.3091,true_negative,Good borrower correctly not flagged.
4112,Logistic Regression,CUST_04112,47,Male,Employed,73476.5936,13373.9092,14415.1591,2,55,4,9,0,0,0.4415,0.5,0.0585,true_negative,Good borrower correctly not flagged.
3486,Logistic Regression,CUST_03486,52,Male,Unemployed,59853.8799,8775.3378,8949.8595,3,20,18,2,0,1,0.5341,0.5,0.0341,false_positive,Good borrower could be wrongly flagged as high risk.
4600,Logistic Regression,CUST_04600,53,Other,Employed,42016.5605,14876.9027,14370.5557,0,55,19,8,0,0,0.1561,0.5,0.3439,true_negative,Good borrower correctly not flagged.
1599,Logistic Regression,CUST_01599,35,Other,Employed,47679.7163,4949.3332,5718.0957,4,33,17,1,1,1,0.6968,0.5,0.1968,true_positive,High-risk borrower correctly flagged.
3500,Logistic Regression,CUST_03500,59,Other,Self-Employed,73941.0188,5299.1195,1995.2476,0,3,17,2,1,0,0.0753,0.5,0.4247,false_negative,High-risk borrower could be missed by the model.
4055,Logistic Regression,CUST_04055,48,Male,Self-Employed,48175.6944,10822.3409,10076.4196,1,43,0,8,0,0,0.214,0.5,0.286,true_negative,Good borrower correctly not flagged.
3800,Logistic Regression,CUST_03800,64,Female,Employed,16381.076,13842.4646,25202.1993,3,73,5,3,1,1,0.6141,0.5,0.1141,true_positive,High-risk borrower correctly flagged.
1242,Logistic Regression,CUST_01242,34,Other,Employed,19452.3803,10505.9231,6878.8582,0,55,8,0,1,0,0.0853,0.5,0.4147,false_negative,High-risk borrower could be missed by the model.
220,Logistic Regression,CUST_00220,56,Female,Unemployed,50751.5175,12340.3184,12592.3762,5,13,3,0,1,1,0.8963,0.5,0.3963,true_positive,High-risk borrower correctly flagged.
2370,Logistic Regression,CUST_02370,35,Male,Employed,43511.1379,6594.3706,6310.6532,2,4,9,9,1,0,0.3525,0.5,0.1475,false_negative,High-risk borrower could be missed by the model.
1807,Logistic Regression,CUST_01807,26,Other,Unemployed,55443.7606,8124.6849,14872.8711,4,35,0,9,1,1,0.7328,0.5,0.2328,true_positive,High-risk borrower correctly flagged.
1723,Logistic Regression,CUST_01723,34,Male,Employed,49688.9576,14201.6181,16637.9496,1,27,8,0,1,0,0.2344,0.5,0.2656,false_negative,High-risk borrower could be missed by the model.
4338,Logistic Regression,CUST_04338,47,Other,Unemployed,55590.1247,1907.8666,4691.5584,6,41,8,3,1,1,0.9267,0.5,0.4267,true_positive,High-risk borrower correctly flagged.
4331,Logistic Regression,CUST_04331,36,Male,Unemployed,58701.986,3428.8031,5493.9026,4,44,15,8,1,1,0.7454,0.5,0.2454,true_positive,High-risk borrower correctly flagged.
2328,Logistic Regression,CUST_02328,53,Male,Self-Employed,38106.8329,11787.9745,16759.9194,3,61,10,8,1,1,0.576,0.5,0.076,true_positive,High-risk borrower correctly flagged.
3089,Logistic Regression,CUST_03089,54,Female,Employed,60608.0711,7643.6027,15044.1297,1,37,11,3,0,0,0.2204,0.5,0.2796,true_negative,Good borrower correctly not flagged.
1295,Logistic Regression,CUST_01295,38,Other,Unemployed,60766.7945,9433.8045,10363.0876,7,0,8,7,1,1,0.9777,0.5,0.4777,true_positive,High-risk borrower correctly flagged.
1020,Logistic Regression,CUST_01020,25,Other,Unemployed,77170.0829,13950.2961,15852.3271,3,23,10,9,1,1,0.6328,0.5,0.1328,true_positive,High-risk borrower correctly flagged.
1101,Logistic Regression,CUST_01101,60,Female,Employed,25107.8735,7584.7434,12003.1049,2,6,2,6,1,0,0.3531,0.5,0.1469,false_negative,High-risk borrower could be missed by the model.
2798,Logistic Regression,CUST_02798,54,Male,Unemployed,61759.6577,5638.0092,8624.6499,1,35,6,1,0,0,0.2064,0.5,0.2936,true_negative,Good borrower correctly not flagged.
1180,Logistic Regression,CUST_01180,64,Other,Self-Employed,32988.0404,13257.1167,6821.0298,5,9,2,0,1,1,0.8282,0.5,0.3282,true_positive,High-risk borrower correctly flagged.
3676,Logistic Regression,CUST_03676,45,Male,Employed,70879.3244,9826.6514,12680.1011,1,32,6,0,0,0,0.2126,0.5,0.2874,true_negative,Good borrower correctly not flagged.
528,Logistic Regression,CUST_00528,39,Other,Employed,81710.1517,15708.3668,10362.4095,3,41,1,1,1,1,0.5699,0.5,0.0699,true_positive,High-risk borrower correctly flagged.
3342,Logistic Regression,CUST_03342,47,Other,Employed,38813.4787,5445.3103,0.0,3,59,18,6,0,1,0.6031,0.5,0.1031,false_positive,Good borrower could be wrongly flagged as high risk.
4286,Logistic Regression,CUST_04286,66,Other,Unemployed,66511.5944,7721.9239,5948.7037,0,70,6,8,0,0,0.1157,0.5,0.3843,true_negative,Good borrower correctly not flagged.
4131,Logistic Regression,CUST_04131,35,Other,Self-Employed,48434.4302,6091.9447,1894.769,0,49,11,6,1,0,0.0954,0.5,0.4046,false_negative,High-risk borrower could be missed by the model.
829,Logistic Regression,CUST_00829,20,Other,Employed,62726.3151,8063.6846,5957.6807,1,15,12,6,0,0,0.1972,0.5,0.3028,true_negative,Good borrower correctly not flagged.
313,Logistic Regression,CUST_00313,21,Male,Unemployed,35455.5814,8027.7763,8841.7783,7,26,1,3,1,1,0.975,0.5,0.475,true_positive,High-risk borrower correctly flagged.
3137,Logistic Regression,CUST_03137,34,Other,Employed,52877.2289,7795.3131,22955.6797,7,32,0,4,1,1,0.9724,0.5,0.4724,true_positive,High-risk borrower correctly flagged.
3886,Logistic Regression,CUST_03886,36,Female,Self-Employed,54946.6423,9229.9709,0.0,7,58,1,4,1,1,0.9823,0.5,0.4823,true_positive,High-risk borrower correctly flagged.
4528,Logistic Regression,CUST_04528,58,Female,Self-Employed,40421.6712,5997.8235,6804.9693,0,30,6,0,1,0,0.0865,0.5,0.4135,false_negative,High-risk borrower could be missed by the model.
2840,Logistic Regression,CUST_02840,60,Female,Employed,70132.9672,10213.9195,18870.0252,3,42,15,8,0,1,0.6174,0.5,0.1174,false_positive,Good borrower could be wrongly flagged as high risk.
1188,Logistic Regression,CUST_01188,46,Female,Self-Employed,74218.6934,6935.0293,11077.368,6,0,2,3,1,1,0.9352,0.5,0.4352,true_positive,High-risk borrower correctly flagged.
3017,Logistic Regression,CUST_03017,65,Female,Unemployed,26244.6653,11554.0193,12623.9177,7,29,10,8,1,1,0.9785,0.5,0.4785,true_positive,High-risk borrower correctly flagged.
4910,Logistic Regression,CUST_04910,41,Other,Self-Employed,21418.2542,5247.9752,18265.8923,7,53,18,4,1,1,0.9689,0.5,0.4689,true_positive,High-risk borrower correctly flagged.
3846,Logistic Regression,CUST_03846,24,Female,Self-Employed,51855.3148,9424.6798,21171.1563,2,54,10,7,0,0,0.4129,0.5,0.0871,true_negative,Good borrower correctly not flagged.
2490,Logistic Regression,CUST_02490,52,Female,Unemployed,27331.3171,7325.1276,17516.4606,3,2,8,6,0,1,0.6067,0.5,0.1067,false_positive,Good borrower could be wrongly flagged as high risk.
4028,Logistic Regression,CUST_04028,50,Female,Self-Employed,77944.0559,4283.8323,7155.3013,2,30,3,2,0,0,0.3478,0.5,0.1522,true_negative,Good borrower correctly not flagged.
4264,Logistic Regression,CUST_04264,36,Other,Unemployed,25299.3299,4994.167,20589.1372,4,5,12,7,1,1,0.752,0.5,0.252,true_positive,High-risk borrower correctly flagged.
680,Logistic Regression,CUST_00680,45,Male,Unemployed,48197.8508,4620.3327,11546.2619,3,51,14,1,1,1,0.5418,0.5,0.0418,true_positive,High-risk borrower correctly flagged.
3570,Logistic Regression,CUST_03570,58,Other,Employed,75619.2551,12833.3408,15566.315,4,3,16,1,1,1,0.7201,0.5,0.2201,true_positive,High-risk borrower correctly flagged.
4387,Logistic Regression,CUST_04387,63,Other,Employed,53376.3463,6513.5494,9945.6133,7,20,2,4,1,1,0.964,0.5,0.464,true_positive,High-risk borrower correctly flagged.
4071,Logistic Regression,CUST_04071,68,Female,Employed,61066.9574,8051.1797,16781.4519,6,38,19,1,1,1,0.9425,0.5,0.4425,true_positive,High-risk borrower correctly flagged.
1337,Logistic Regression,CUST_01337,20,Other,Employed,42484.1708,10652.4124,14109.0626,7,57,9,2,1,1,0.9672,0.5,0.4672,true_positive,High-risk borrower correctly flagged.
1776,Logistic Regression,CUST_01776,51,Female,Unemployed,44415.643,4516.9537,11120.2007,4,21,0,3,1,1,0.7412,0.5,0.2412,true_positive,High-risk borrower correctly flagged.
1799,Logistic Regression,CUST_01799,53,Female,Self-Employed,68040.8786,14944.963,6733.8704,3,9,16,4,0,1,0.6365,0.5,0.1365,false_positive,Good borrower could be wrongly flagged as high risk.
830,Logistic Regression,CUST_00830,63,Female,Self-Employed,44906.427,9177.9016,11560.8694,2,10,5,4,0,0,0.4219,0.5,0.0781,true_negative,Good borrower correctly not flagged.
4437,Logistic Regression,CUST_04437,64,Male,Self-Employed,21230.3627,1692.0944,25240.0468,4,40,18,2,1,1,0.7652,0.5,0.2652,true_positive,High-risk borrower correctly flagged.
969,Logistic Regression,CUST_00969,44,Other,Unemployed,28619.0886,10059.968,6618.3157,0,14,15,3,1,0,0.1034,0.5,0.3966,false_negative,High-risk borrower could be missed by the model.
770,Logistic Regression,CUST_00770,24,Other,Self-Employed,39246.8517,18766.2077,507.6587,1,40,12,3,0,0,0.2263,0.5,0.2737,true_negative,Good borrower correctly not flagged.
1273,Logistic Regression,CUST_01273,41,Male,Self-Employed,65034.6722,9573.7854,15265.0846,3,45,2,4,1,1,0.5427,0.5,0.0427,true_positive,High-risk borrower correctly flagged.
248,Logistic Regression,CUST_00248,22,Other,Employed,33649.1943,7745.0581,0.0,5,50,5,8,1,1,0.8827,0.5,0.3827,true_positive,High-risk borrower correctly flagged.
1865,Logistic Regression,CUST_01865,48,Male,Unemployed,53670.2963,6331.2414,15286.7637,5,8,15,9,1,1,0.892,0.5,0.392,true_positive,High-risk borrower correctly flagged.
780,Logistic Regression,CUST_00780,44,Male,Employed,46742.2544,5924.8572,17707.9383,1,32,12,4,0,0,0.1999,0.5,0.3001,true_negative,Good borrower correctly not flagged.
815,Logistic Regression,CUST_00815,20,Male,Self-Employed,18239.1985,10014.7663,8925.243,0,37,10,3,0,0,0.089,0.5,0.411,true_negative,Good borrower correctly not flagged.
1713,Logistic Regression,CUST_01713,31,Other,Employed,60295.2138,7310.8052,13311.6295,6,31,12,0,1,1,0.9263,0.5,0.4263,true_positive,High-risk borrower correctly flagged.
12,Logistic Regression,CUST_00012,55,Female,Employed,68872.7277,7550.9376,8582.8164,7,34,18,6,1,1,0.9727,0.5,0.4727,true_positive,High-risk borrower correctly flagged.
4196,Logistic Regression,CUST_04196,47,Male,Employed,37423.4552,3871.738,0.0,1,49,4,0,0,0,0.1906,0.5,0.3094,true_negative,Good borrower correctly not flagged.
4056,Logistic Regression,CUST_04056,47,Male,Unemployed,27395.2979,4576.7259,6220.2566,3,23,12,7,1,1,0.5754,0.5,0.0754,true_positive,High-risk borrower correctly flagged.
1112,Logistic Regression,CUST_01112,23,Female,Self-Employed,23668.0891,4663.5347,8813.2238,5,44,16,6,1,1,0.8688,0.5,0.3688,true_positive,High-risk borrower correctly flagged.
173,Logistic Regression,CUST_00173,25,Female,Self-Employed,49680.5595,16868.7253,10645.909,7,19,2,1,1,1,0.9788,0.5,0.4788,true_positive,High-risk borrower correctly flagged.
4631,Logistic Regression,CUST_04631,52,Female,Unemployed,37043.8345,5863.1709,7544.5833,1,33,8,6,1,0,0.2422,0.5,0.2578,false_negative,High-risk borrower could be missed by the model.
4332,Logistic Regression,CUST_04332,67,Male,Employed,58208.7126,6779.3522,1449.5223,1,32,0,5,1,0,0.2132,0.5,0.2868,false_negative,High-risk borrower could be missed by the model.
1171,Logistic Regression,CUST_01171,43,Female,Self-Employed,52687.4943,12079.4886,4296.6441,0,18,9,0,0,0,0.0976,0.5,0.4024,true_negative,Good borrower correctly not flagged.
4230,Logistic Regression,CUST_04230,52,Female,Unemployed,67485.018,10579.6826,8770.0857,2,33,18,7,0,0,0.4431,0.5,0.0569,true_negative,Good borrower correctly not flagged.
235,Logistic Regression,CUST_00235,43,Male,Self-Employed,51250.849,6267.3827,8480.4836,1,78,0,6,1,0,0.213,0.5,0.287,false_negative,High-risk borrower could be missed by the model.
5,Logistic Regression,CUST_00005,40,Male,Employed,76906.8122,5424.0245,1267.3283,2,63,5,7,0,0,0.3287,0.5,0.1713,true_negative,Good borrower correctly not flagged.
1031,Logistic Regression,CUST_01031,21,Other,Self-Employed,21912.4485,8608.8288,14839.9059,1,46,10,7,1,0,0.2149,0.5,0.2851,false_negative,High-risk borrower could be missed by the model.
4187,Logistic Regression,CUST_04187,43,Female,Unemployed,59013.4706,11354.7021,16817.0732,1,56,4,6,0,0,0.2367,0.5,0.2633,true_negative,Good borrower correctly not flagged.
452,Logistic Regression,CUST_00452,32,Male,Self-Employed,56148.0705,7181.1007,7508.6758,6,62,2,7,1,1,0.9458,0.5,0.4458,true_positive,High-risk borrower correctly flagged.
1824,Logistic Regression,CUST_01824,46,Male,Unemployed,50499.8614,10016.8554,7574.2541,4,60,5,2,1,1,0.7434,0.5,0.2434,true_positive,High-risk borrower correctly flagged.
2303,Logistic Regression,CUST_02303,63,Female,Unemployed,42691.7956,8244.8536,9483.7021,2,36,15,6,0,0,0.4477,0.5,0.0523,true_negative,Good borrower correctly not flagged.
1837,Logistic Regression,CUST_01837,48,Male,Employed,45128.7186,4287.5989,5843.1519,5,22,1,4,1,1,0.8251,0.5,0.3251,true_positive,High-risk borrower correctly flagged.
3788,Logistic Regression,CUST_03788,56,Female,Unemployed,40855.4715,10856.7005,12642.2743,6,56,15,3,1,1,0.9492,0.5,0.4492,true_positive,High-risk borrower correctly flagged.
3981,Logistic Regression,CUST_03981,66,Other,Employed,63232.7942,500.0,8583.4529,3,51,7,2,1,0,0.495,0.5,0.005,false_negative,High-risk borrower could be missed by the model.
1243,Logistic Regression,CUST_01243,40,Male,Unemployed,31022.5092,8014.6647,6669.0641,5,13,17,3,1,1,0.8915,0.5,0.3915,true_positive,High-risk borrower correctly flagged.
4273,Logistic Regression,CUST_04273,38,Other,Self-Employed,23085.2109,11964.1935,0.0,5,74,7,5,1,1,0.8875,0.5,0.3875,true_positive,High-risk borrower correctly flagged.
2402,Logistic Regression,CUST_02402,66,Other,Self-Employed,42421.4538,5875.6108,4291.6819,5,18,19,8,1,1,0.854,0.5,0.354,true_positive,High-risk borrower correctly flagged.
4122,Logistic Regression,CUST_04122,26,Other,Employed,45942.0237,500.0,13100.2791,5,9,2,1,1,1,0.7881,0.5,0.2881,true_positive,High-risk borrower correctly flagged.
2361,Logistic Regression,CUST_02361,23,Other,Employed,60765.832,5022.9027,18499.0676,4,53,17,2,1,1,0.7465,0.5,0.2465,true_positive,High-risk borrower correctly flagged.
779,Logistic Regression,CUST_00779,45,Male,Unemployed,51828.1236,9967.1806,14836.7827,4,2,11,7,1,1,0.7638,0.5,0.2638,true_positive,High-risk borrower correctly flagged.
507,Logistic Regression,CUST_00507,42,Other,Employed,62324.949,8102.2782,17074.9546,3,28,15,7,0,1,0.6056,0.5,0.1056,false_positive,Good borrower could be wrongly flagged as high risk.
941,Logistic Regression,CUST_00941,33,Female,Unemployed,30961.3369,4111.6867,3399.0603,2,40,5,5,1,0,0.3648,0.5,0.1352,false_negative,High-risk borrower could be missed by the model.
4289,Logistic Regression,CUST_04289,66,Male,Unemployed,50071.7941,9665.9723,2404.0654,2,32,18,6,1,0,0.388,0.5,0.112,false_negative,High-risk borrower could be missed by the model.
3662,Logistic Regression,CUST_03662,57,Female,Unemployed,65273.6831,2345.9081,5287.2021,2,12,6,4,1,0,0.3517,0.5,0.1483,false_negative,High-risk borrower could be missed by the model.
2555,Logistic Regression,CUST_02555,39,Male,Employed,37861.7751,7981.6716,6938.9344,6,79,4,0,1,1,0.9424,0.5,0.4424,true_positive,High-risk borrower correctly flagged.
860,Logistic Regression,CUST_00860,61,Male,Unemployed,68974.2861,16123.1266,17519.3653,4,21,7,6,1,1,0.753,0.5,0.253,true_positive,High-risk borrower correctly flagged.
2061,Logistic Regression,CUST_02061,31,Other,Unemployed,78437.6052,8059.208,17925.4703,0,64,15,3,1,0,0.1154,0.5,0.3846,false_negative,High-risk borrower could be missed by the model.
4870,Logistic Regression,CUST_04870,37,Female,Employed,29361.1065,11399.2167,6898.6286,5,41,17,9,1,1,0.8781,0.5,0.3781,true_positive,High-risk borrower correctly flagged.
1748,Logistic Regression,CUST_01748,32,Female,Self-Employed,48105.1289,5365.1698,8809.9246,6,31,13,4,1,1,0.9385,0.5,0.4385,true_positive,High-risk borrower correctly flagged.
3860,Logistic Regression,CUST_03860,25,Female,Unemployed,56359.7007,12178.9121,7753.9342,1,61,18,0,1,0,0.2519,0.5,0.2481,false_negative,High-risk borrower could be missed by the model.
3978,Logistic Regression,CUST_03978,21,Female,Employed,75539.6166,10595.8874,11389.7953,5,14,15,4,1,1,0.8754,0.5,0.3754,true_positive,High-risk borrower correctly flagged.
4237,Logistic Regression,CUST_04237,59,Female,Unemployed,62460.2279,15755.2109,8005.2966,4,20,0,1,1,1,0.7504,0.5,0.2504,true_positive,High-risk borrower correctly flagged.
2592,Logistic Regression,CUST_02592,56,Male,Self-Employed,72363.8712,500.0,0.0,5,40,2,0,1,1,0.8654,0.5,0.3654,true_positive,High-risk borrower correctly flagged.
979,Logistic Regression,CUST_00979,37,Other,Unemployed,43137.1273,2383.2245,1990.672,5,44,10,1,1,1,0.8233,0.5,0.3233,true_positive,High-risk borrower correctly flagged.
407,Logistic Regression,CUST_00407,44,Female,Unemployed,47393.1328,8115.5511,14411.7309,7,75,12,9,1,1,0.9824,0.5,0.4824,true_positive,High-risk borrower correctly flagged.
1612,Logistic Regression,CUST_01612,51,Female,Employed,37529.3371,8514.4674,8990.6151,0,64,19,1,0,0,0.105,0.5,0.395,true_negative,Good borrower correctly not flagged.
3582,Logistic Regression,CUST_03582,43,Female,Employed,56117.253,11022.4982,11574.0367,2,6,7,7,0,0,0.4039,0.5,0.0961,true_negative,Good borrower correctly not flagged.
1615,Logistic Regression,CUST_01615,65,Female,Unemployed,47354.4143,9511.74,6836.5559,2,34,13,9,0,0,0.4408,0.5,0.0592,true_negative,Good borrower correctly not flagged.
4665,Logistic Regression,CUST_04665,56,Female,Unemployed,44099.7439,500.0,16002.6429,1,38,0,2,1,0,0.1871,0.5,0.3129,false_negative,High-risk borrower could be missed by the model.
3884,Logistic Regression,CUST_03884,27,Female,Employed,21736.7222,9480.5217,9454.3693,7,0,5,8,1,1,0.9758,0.5,0.4758,true_positive,High-risk borrower correctly flagged.
2721,Logistic Regression,CUST_02721,29,Male,Self-Employed,26805.3492,11576.3573,13757.8956,4,1,0,0,1,1,0.6956,0.5,0.1956,true_positive,High-risk borrower correctly flagged.
3864,Logistic Regression,CUST_03864,52,Female,Employed,47222.0532,14224.029,6146.4207,3,79,1,3,0,1,0.6245,0.5,0.1245,false_positive,Good borrower could be wrongly flagged as high risk.
145,Logistic Regression,CUST_00145,28,Female,Employed,62983.0063,12070.6458,17894.6783,2,55,6,4,1,0,0.4323,0.5,0.0677,false_negative,High-risk borrower could be missed by the model.
1541,Logistic Regression,CUST_01541,34,Male,Employed,70937.4833,6042.1358,18592.6455,5,26,14,5,1,1,0.8744,0.5,0.3744,true_positive,High-risk borrower correctly flagged.
3961,Logistic Regression,CUST_03961,33,Other,Unemployed,35088.4953,17845.3152,10760.6978,3,2,0,7,1,1,0.615,0.5,0.115,true_positive,High-risk borrower correctly flagged.
2666,Logistic Regression,CUST_02666,42,Female,Employed,31563.4764,5861.903,12940.8074,0,35,0,9,1,0,0.1182,0.5,0.3818,false_negative,High-risk borrower could be missed by the model.
536,Logistic Regression,CUST_00536,56,Male,Self-Employed,49735.5124,11323.4227,10892.1254,4,5,6,1,1,1,0.6994,0.5,0.1994,true_positive,High-risk borrower correctly flagged.
1654,Logistic Regression,CUST_01654,25,Male,Employed,68786.8404,2234.6086,20422.1112,1,27,12,9,1,0,0.202,0.5,0.298,false_negative,High-risk borrower could be missed by the model.
4507,Logistic Regression,CUST_04507,55,Female,Unemployed,38265.8073,10571.2083,13359.9771,6,58,7,7,1,1,0.9525,0.5,0.4525,true_positive,High-risk borrower correctly flagged.
3613,Logistic Regression,CUST_03613,46,Female,Employed,43706.655,4568.3404,21989.8495,6,30,4,5,1,1,0.9443,0.5,0.4443,true_positive,High-risk borrower correctly flagged.
236,Logistic Regression,CUST_00236,24,Female,Self-Employed,56166.293,9626.1405,17883.9675,4,2,10,4,1,1,0.7581,0.5,0.2581,true_positive,High-risk borrower correctly flagged.
2509,Logistic Regression,CUST_02509,22,Other,Employed,22286.1305,4799.634,13953.9878,0,79,0,0,1,0,0.0967,0.5,0.4033,false_negative,High-risk borrower could be missed by the model.
2718,Logistic Regression,CUST_02718,57,Female,Employed,29511.573,3500.5406,23084.193,6,54,6,9,1,1,0.9381,0.5,0.4381,true_positive,High-risk borrower correctly flagged.
3827,Logistic Regression,CUST_03827,58,Other,Unemployed,71968.4802,8058.0161,20123.6605,7,52,0,2,1,1,0.9683,0.5,0.4683,true_positive,High-risk borrower correctly flagged.
4533,Logistic Regression,CUST_04533,41,Other,Unemployed,67327.125,2788.3837,15222.1787,1,36,0,0,0,0,0.1537,0.5,0.3463,true_negative,Good borrower correctly not flagged.
4113,Logistic Regression,CUST_04113,60,Other,Unemployed,42153.4952,6751.3879,8020.1277,3,75,14,3,0,1,0.5624,0.5,0.0624,false_positive,Good borrower could be wrongly flagged as high risk.
4110,Logistic Regression,CUST_04110,67,Other,Employed,49043.1235,15076.6803,13301.1442,7,40,15,3,1,1,0.9725,0.5,0.4725,true_positive,High-risk borrower correctly flagged.
2131,Logistic Regression,CUST_02131,55,Male,Employed,63529.2313,10017.1829,13650.7562,7,47,11,6,1,1,0.9717,0.5,0.4717,true_positive,High-risk borrower correctly flagged.
2597,Logistic Regression,CUST_02597,61,Other,Unemployed,72512.7461,3510.3524,23223.3237,2,48,1,7,1,0,0.3322,0.5,0.1678,false_negative,High-risk borrower could be missed by the model.
3540,Logistic Regression,CUST_03540,36,Male,Unemployed,41833.6831,12640.8811,6289.266,6,20,15,4,1,1,0.9409,0.5,0.4409,true_positive,High-risk borrower correctly flagged.
4601,Logistic Regression,CUST_04601,60,Male,Employed,47640.0756,5608.7696,29083.6171,0,48,10,8,0,0,0.1426,0.5,0.3574,true_negative,Good borrower correctly not flagged.
2329,Logistic Regression,CUST_02329,67,Other,Unemployed,70751.9848,6437.7729,13205.6631,5,33,15,5,1,1,0.8883,0.5,0.3883,true_positive,High-risk borrower correctly flagged.
1065,Logistic Regression,CUST_01065,29,Other,Unemployed,55448.1841,8095.7538,2240.2588,4,55,18,6,1,1,0.7619,0.5,0.2619,true_positive,High-risk borrower correctly flagged.
3202,Logistic Regression,CUST_03202,31,Male,Unemployed,34296.1142,11903.7884,4345.2008,7,2,9,9,1,1,0.9718,0.5,0.4718,true_positive,High-risk borrower correctly flagged.
2822,Logistic Regression,CUST_02822,51,Male,Unemployed,53433.1531,12836.6985,21478.3376,4,68,1,2,1,1,0.7474,0.5,0.2474,true_positive,High-risk borrower correctly flagged.
3644,Logistic Regression,CUST_03644,48,Male,Unemployed,56142.2187,5012.2838,13338.3686,7,29,10,4,1,1,0.9624,0.5,0.4624,true_positive,High-risk borrower correctly flagged.
1711,Logistic Regression,CUST_01711,44,Male,Unemployed,41855.9323,16719.9562,19041.603,6,40,13,0,1,1,0.9594,0.5,0.4594,true_positive,High-risk borrower correctly flagged.
58,Logistic Regression,CUST_00058,54,Male,Self-Employed,58613.5457,9353.6889,7516.9049,4,23,13,6,1,1,0.7709,0.5,0.2709,true_positive,High-risk borrower correctly flagged.
1178,Logistic Regression,CUST_01178,23,Female,Employed,53569.3286,7373.6826,9504.7577,4,22,14,0,1,1,0.7011,0.5,0.2011,true_positive,High-risk borrower correctly flagged.
122,Logistic Regression,CUST_00122,52,Female,Employed,10000.0,10837.0336,8728.7238,6,36,11,4,1,1,0.9484,0.5,0.4484,true_positive,High-risk borrower correctly flagged.
4192,Logistic Regression,CUST_04192,45,Other,Employed,45649.7966,8132.2165,15469.0252,2,63,16,5,1,0,0.3718,0.5,0.1282,false_negative,High-risk borrower could be missed by the model.
623,Logistic Regression,CUST_00623,44,Male,Employed,33304.8167,3220.1364,4536.5421,5,20,10,5,1,1,0.864,0.5,0.364,true_positive,High-risk borrower correctly flagged.
2487,Logistic Regression,CUST_02487,22,Female,Unemployed,26882.8553,4979.9856,26326.0519,4,14,4,9,1,1,0.8016,0.5,0.3016,true_positive,High-risk borrower correctly flagged.
4752,Logistic Regression,CUST_04752,46,Male,Employed,56298.7759,3581.2899,7541.7132,5,35,1,1,1,1,0.8517,0.5,0.3517,true_positive,High-risk borrower correctly flagged.
1731,Logistic Regression,CUST_01731,56,Male,Self-Employed,72201.0548,5904.9955,13775.0504,2,69,18,6,1,0,0.4227,0.5,0.0773,false_negative,High-risk borrower could be missed by the model.
2128,Logistic Regression,CUST_02128,20,Other,Unemployed,39573.0929,10598.4015,13172.4173,3,7,9,2,1,1,0.5761,0.5,0.0761,true_positive,High-risk borrower correctly flagged.
3283,Logistic Regression,CUST_03283,27,Other,Employed,14868.0233,8234.8163,17014.4024,0,7,2,8,0,0,0.0859,0.5,0.4141,true_negative,Good borrower correctly not flagged.
1039,Logistic Regression,CUST_01039,25,Female,Unemployed,64300.9692,9537.8899,18401.8247,3,19,13,5,1,1,0.6612,0.5,0.1612,true_positive,High-risk borrower correctly flagged.
2829,Logistic Regression,CUST_02829,44,Female,Self-Employed,16309.1278,500.0,21906.796,5,40,15,2,1,1,0.885,0.5,0.385,true_positive,High-risk borrower correctly flagged.
531,Logistic Regression,CUST_00531,69,Male,Unemployed,64595.5109,10467.6369,0.0,1,69,5,8,0,0,0.3158,0.5,0.1842,true_negative,Good borrower correctly not flagged.
3437,Logistic Regression,CUST_03437,64,Other,Unemployed,44854.5928,11137.2327,13256.1086,5,8,10,9,1,1,0.8613,0.5,0.3613,true_positive,High-risk borrower correctly flagged.
4832,Logistic Regression,CUST_04832,23,Male,Employed,49556.3168,1965.7771,13326.5394,1,34,14,7,1,0,0.1804,0.5,0.3196,false_negative,High-risk borrower could be missed by the model.
13,Logistic Regression,CUST_00013,59,Male,Employed,32255.4111,14161.1088,5874.6142,2,50,9,2,1,0,0.3522,0.5,0.1478,false_negative,High-risk borrower could be missed by the model.
1103,Logistic Regression,CUST_01103,33,Female,Unemployed,36490.1506,7147.0175,7811.2205,5,42,10,6,1,1,0.8859,0.5,0.3859,true_positive,High-risk borrower correctly flagged.
4801,Logistic Regression,CUST_04801,68,Female,Employed,67304.5968,14368.531,23370.3546,4,36,1,5,1,1,0.7752,0.5,0.2752,true_positive,High-risk borrower correctly flagged.
345,Logistic Regression,CUST_00345,52,Male,Employed,64201.4623,4470.966,16542.2779,2,75,8,0,1,0,0.371,0.5,0.129,false_negative,High-risk borrower could be missed by the model.
638,Logistic Regression,CUST_00638,62,Female,Unemployed,54854.0202,12279.8422,9034.6296,5,28,17,1,1,1,0.8976,0.5,0.3976,true_positive,High-risk borrower correctly flagged.
4856,Logistic Regression,CUST_04856,62,Male,Unemployed,42085.1919,12750.1589,10806.4978,3,3,3,7,0,1,0.6417,0.5,0.1417,false_positive,Good borrower could be wrongly flagged as high risk.
2350,Logistic Regression,CUST_02350,44,Female,Unemployed,61580.3032,7459.3312,17552.9748,2,62,18,2,1,0,0.4214,0.5,0.0786,false_negative,High-risk borrower could be missed by the model.
4065,Logistic Regression,CUST_04065,23,Male,Employed,38353.5356,5564.3404,13315.0348,4,43,10,8,1,1,0.7354,0.5,0.2354,true_positive,High-risk borrower correctly flagged.
192,Logistic Regression,CUST_00192,27,Female,Unemployed,64398.4031,10228.2395,4537.5397,4,6,13,6,1,1,0.7611,0.5,0.2611,true_positive,High-risk borrower correctly flagged.
2607,Logistic Regression,CUST_02607,25,Female,Unemployed,45366.9932,2794.6898,12000.6213,7,3,17,4,1,1,0.9726,0.5,0.4726,true_positive,High-risk borrower correctly flagged.
3683,Logistic Regression,CUST_03683,43,Female,Unemployed,84299.948,13776.2306,14817.5853,5,24,5,8,1,1,0.9059,0.5,0.4059,true_positive,High-risk borrower correctly flagged.
4900,Logistic Regression,CUST_04900,57,Female,Unemployed,43968.0642,10756.9577,13892.6254,3,39,11,0,1,1,0.5587,0.5,0.0587,true_positive,High-risk borrower correctly flagged.
3392,Logistic Regression,CUST_03392,65,Other,Employed,39352.7143,10296.5839,19702.8239,2,27,13,2,0,0,0.3984,0.5,0.1016,true_negative,Good borrower correctly not flagged.
2952,Logistic Regression,CUST_02952,29,Other,Employed,76571.4218,5213.5133,18311.6927,4,58,3,7,1,1,0.7132,0.5,0.2132,true_positive,High-risk borrower correctly flagged.
1062,Logistic Regression,CUST_01062,29,Male,Unemployed,53162.761,1655.3026,13150.6463,1,34,17,1,0,0,0.213,0.5,0.287,true_negative,Good borrower correctly not flagged.
3601,Logistic Regression,CUST_03601,27,Female,Unemployed,61780.6096,10872.1716,0.0,1,61,19,4,1,0,0.3301,0.5,0.1699,false_negative,High-risk borrower could be missed by the model.
1227,Logistic Regression,CUST_01227,59,Other,Unemployed,28593.9683,9608.8795,12502.738,3,55,9,6,0,1,0.6071,0.5,0.1071,false_positive,Good borrower could be wrongly flagged as high risk.
4758,Logistic Regression,CUST_04758,60,Other,Self-Employed,61715.3032,16867.0825,3789.1868,4,38,5,2,1,1,0.7402,0.5,0.2402,true_positive,High-risk borrower correctly flagged.
4420,Logistic Regression,CUST_04420,44,Female,Unemployed,70342.9193,500.0,4975.7949,2,8,13,1,0,0,0.3365,0.5,0.1635,true_negative,Good borrower correctly not flagged.
4010,Logistic Regression,CUST_04010,27,Other,Employed,59983.9538,7620.8679,20561.7187,2,18,13,0,1,0,0.3126,0.5,0.1874,false_negative,High-risk borrower could be missed by the model.
914,Logistic Regression,CUST_00914,68,Male,Unemployed,67312.5165,4780.0655,1245.7218,0,19,10,7,1,0,0.1161,0.5,0.3839,false_negative,High-risk borrower could be missed by the model.
656,Logistic Regression,CUST_00656,21,Male,Unemployed,61692.9699,9615.4244,3995.1312,0,38,17,5,0,0,0.1053,0.5,0.3947,true_negative,Good borrower correctly not flagged.
1687,Logistic Regression,CUST_01687,54,Other,Employed,14411.9628,10641.0555,4844.29,1,5,4,4,1,0,0.1614,0.5,0.3386,false_negative,High-risk borrower could be missed by the model.
3134,Logistic Regression,CUST_03134,46,Female,Unemployed,63808.6442,9535.0824,21218.3844,3,76,16,9,1,1,0.6384,0.5,0.1384,true_positive,High-risk borrower correctly flagged.
2968,Logistic Regression,CUST_02968,36,Male,Employed,42971.4501,10046.1821,18504.8798,4,35,16,8,1,1,0.745,0.5,0.245,true_positive,High-risk borrower correctly flagged.
1063,Logistic Regression,CUST_01063,24,Other,Unemployed,70715.7788,5260.2831,18866.1874,3,26,11,5,1,1,0.536,0.5,0.036,true_positive,High-risk borrower correctly flagged.
4793,Logistic Regression,CUST_04793,41,Other,Unemployed,64916.6898,9867.0645,12059.4753,7,57,9,9,1,1,0.9789,0.5,0.4789,true_positive,High-risk borrower correctly flagged.
47,Logistic Regression,CUST_00047,69,Other,Self-Employed,18358.8179,5803.902,15352.6214,4,58,12,3,1,1,0.7205,0.5,0.2205,true_positive,High-risk borrower correctly flagged.
3372,Logistic Regression,CUST_03372,21,Male,Unemployed,47633.1474,1037.312,9351.4415,5,57,0,1,1,1,0.8405,0.5,0.3405,true_positive,High-risk borrower correctly flagged.
4709,Logistic Regression,CUST_04709,42,Other,Self-Employed,32508.175,11340.915,22489.4785,2,14,7,4,1,0,0.3004,0.5,0.1996,false_negative,High-risk borrower could be missed by the model.
1834,Logistic Regression,CUST_01834,69,Female,Unemployed,76130.7059,9194.9631,13072.3535,5,55,12,6,1,1,0.8808,0.5,0.3808,true_positive,High-risk borrower correctly flagged.
2367,Logistic Regression,CUST_02367,47,Female,Self-Employed,52624.7258,6433.3495,6363.9958,2,17,8,8,0,0,0.4179,0.5,0.0821,true_negative,Good borrower correctly not flagged.
3424,Logistic Regression,CUST_03424,45,Other,Employed,53957.9053,6307.3684,11595.4613,7,32,0,4,1,1,0.9669,0.5,0.4669,true_positive,High-risk borrower correctly flagged.
2966,Logistic Regression,CUST_02966,45,Other,Unemployed,52657.4858,7831.6176,17039.2797,4,64,17,3,1,1,0.7592,0.5,0.2592,true_positive,High-risk borrower correctly flagged.
550,Logistic Regression,CUST_00550,21,Male,Self-Employed,57868.0341,10665.7735,10840.5863,2,56,3,5,0,0,0.4063,0.5,0.0937,true_negative,Good borrower correctly not flagged.
3326,Logistic Regression,CUST_03326,69,Male,Unemployed,64233.3921,15503.5027,11830.1216,3,77,8,3,1,1,0.5932,0.5,0.0932,true_positive,High-risk borrower correctly flagged.
1034,Logistic Regression,CUST_01034,27,Male,Unemployed,37055.3992,11242.7193,9591.5932,7,3,13,8,1,1,0.9743,0.5,0.4743,true_positive,High-risk borrower correctly flagged.
3997,Logistic Regression,CUST_03997,32,Female,Self-Employed,50814.0714,4960.1532,10725.0197,4,74,15,8,1,1,0.7752,0.5,0.2752,true_positive,High-risk borrower correctly flagged.
2615,Logistic Regression,CUST_02615,54,Other,Self-Employed,79578.8839,4262.8496,26257.5765,5,3,13,8,1,1,0.8635,0.5,0.3635,true_positive,High-risk borrower correctly flagged.
4199,Logistic Regression,CUST_04199,36,Female,Self-Employed,61976.4222,13220.1963,9151.8202,4,23,13,2,1,1,0.7649,0.5,0.2649,true_positive,High-risk borrower correctly flagged.
2544,Logistic Regression,CUST_02544,64,Other,Self-Employed,54711.1479,9016.2687,6539.7449,1,20,8,2,0,0,0.1636,0.5,0.3364,true_negative,Good borrower correctly not flagged.
992,Logistic Regression,CUST_00992,60,Male,Unemployed,36515.8206,7303.3182,9095.6012,0,28,15,5,0,0,0.0898,0.5,0.4102,true_negative,Good borrower correctly not flagged.
3571,Logistic Regression,CUST_03571,40,Female,Self-Employed,44055.732,1652.4326,25542.7426,1,62,18,2,1,0,0.1916,0.5,0.3084,false_negative,High-risk borrower could be missed by the model.
1499,Logistic Regression,CUST_01499,20,Male,Employed,60932.6075,7425.092,9253.4793,7,64,18,1,1,1,0.9745,0.5,0.4745,true_positive,High-risk borrower correctly flagged.
3440,Logistic Regression,CUST_03440,28,Other,Self-Employed,33599.7879,15927.7033,6282.8465,5,24,0,3,1,1,0.8813,0.5,0.3813,true_positive,High-risk borrower correctly flagged.
4365,Logistic Regression,CUST_04365,35,Other,Self-Employed,65343.3514,6222.9209,18795.9044,4,43,8,9,1,1,0.7375,0.5,0.2375,true_positive,High-risk borrower correctly flagged.
446,Logistic Regression,CUST_00446,51,Male,Employed,30268.4086,7532.5649,2328.4865,5,78,17,3,1,1,0.8691,0.5,0.3691,true_positive,High-risk borrower correctly flagged.
2069,Logistic Regression,CUST_02069,23,Other,Self-Employed,29562.4678,9059.7146,12.586,6,79,17,5,1,1,0.9378,0.5,0.4378,true_positive,High-risk borrower correctly flagged.
2001,Logistic Regression,CUST_02001,25,Male,Self-Employed,29441.9347,9072.4606,15183.6241,7,56,8,6,1,1,0.974,0.5,0.474,true_positive,High-risk borrower correctly flagged.
4589,Logistic Regression,CUST_04589,21,Female,Self-Employed,17058.0832,5336.7724,7709.4362,0,52,16,6,1,0,0.1115,0.5,0.3885,false_negative,High-risk borrower could be missed by the model.
2139,Logistic Regression,CUST_02139,33,Female,Employed,34763.8192,8216.9024,13318.9017,4,51,15,9,1,1,0.797,0.5,0.297,true_positive,High-risk borrower correctly flagged.
448,Logistic Regression,CUST_00448,66,Male,Employed,71064.695,15960.5622,6857.9081,4,2,2,2,1,1,0.7589,0.5,0.2589,true_positive,High-risk borrower correctly flagged.
2792,Logistic Regression,CUST_02792,27,Male,Unemployed,70192.8949,14820.567,19369.6558,7,18,13,3,1,1,0.979,0.5,0.479,true_positive,High-risk borrower correctly flagged.
3036,Logistic Regression,CUST_03036,47,Female,Unemployed,58665.9823,9381.8056,8922.7837,3,56,10,3,0,1,0.5952,0.5,0.0952,false_positive,Good borrower could be wrongly flagged as high risk.
4819,Logistic Regression,CUST_04819,67,Female,Unemployed,51297.3211,6722.1623,4492.4177,1,75,18,3,1,0,0.1997,0.5,0.3003,false_negative,High-risk borrower could be missed by the model.
23,Logistic Regression,CUST_00023,40,Female,Employed,52062.4511,20297.2038,6116.4892,2,67,6,6,1,0,0.4241,0.5,0.0759,false_negative,High-risk borrower could be missed by the model.
4933,Logistic Regression,CUST_04933,68,Male,Unemployed,59872.0613,5431.5037,7574.092,2,19,12,2,1,0,0.3792,0.5,0.1208,false_negative,High-risk borrower could be missed by the model.
2609,Logistic Regression,CUST_02609,35,Male,Employed,48245.2659,5699.5554,11571.8694,6,42,10,7,1,1,0.9469,0.5,0.4469,true_positive,High-risk borrower correctly flagged.
1814,Logistic Regression,CUST_01814,49,Other,Unemployed,51789.0936,4796.0585,7472.6459,5,77,0,8,1,1,0.8798,0.5,0.3798,true_positive,High-risk borrower correctly flagged.
305,Logistic Regression,CUST_00305,67,Other,Unemployed,69129.8528,8193.1697,8997.8287,6,59,2,2,1,1,0.936,0.5,0.436,true_positive,High-risk borrower correctly flagged.
4395,Logistic Regression,CUST_04395,61,Other,Unemployed,41870.7304,5702.6833,17681.7996,0,67,9,2,0,0,0.1065,0.5,0.3935,true_negative,Good borrower correctly not flagged.
1245,Logistic Regression,CUST_01245,28,Female,Self-Employed,40251.8142,5006.6433,10005.3041,5,16,8,8,1,1,0.8832,0.5,0.3832,true_positive,High-risk borrower correctly flagged.
3966,Logistic Regression,CUST_03966,64,Male,Employed,50712.7787,7559.5907,18672.4376,6,69,4,1,1,1,0.9444,0.5,0.4444,true_positive,High-risk borrower correctly flagged.
2210,Logistic Regression,CUST_02210,61,Other,Employed,40291.0569,13280.7577,5403.9258,5,11,17,6,1,1,0.9024,0.5,0.4024,true_positive,High-risk borrower correctly flagged.
3327,Logistic Regression,CUST_03327,25,Female,Unemployed,14856.2041,9203.4532,5180.5561,6,10,7,6,1,1,0.9451,0.5,0.4451,true_positive,High-risk borrower correctly flagged.
4871,Logistic Regression,CUST_04871,57,Female,Self-Employed,70198.8593,10744.7256,2774.8259,7,11,16,5,1,1,0.9773,0.5,0.4773,true_positive,High-risk borrower correctly flagged.
4657,Logistic Regression,CUST_04657,44,Male,Employed,54301.6115,2381.5177,9560.5291,7,58,15,0,1,1,0.9634,0.5,0.4634,true_positive,High-risk borrower correctly flagged.
4863,Logistic Regression,CUST_04863,52,Other,Employed,20277.4308,4481.303,18213.8716,1,36,10,9,1,0,0.1898,0.5,0.3102,false_negative,High-risk borrower could be missed by the model.
1207,Logistic Regression,CUST_01207,44,Female,Self-Employed,54413.8191,12687.4352,1776.3234,7,77,16,0,1,1,0.9772,0.5,0.4772,true_positive,High-risk borrower correctly flagged.
3744,Logistic Regression,CUST_03744,50,Other,Unemployed,64476.2893,12601.292,7043.4804,3,77,4,7,1,1,0.5839,0.5,0.0839,true_positive,High-risk borrower correctly flagged.
2029,Logistic Regression,CUST_02029,30,Other,Self-Employed,54502.6001,4404.2263,17933.5111,3,37,3,1,0,0,0.4702,0.5,0.0298,true_negative,Good borrower correctly not flagged.
3172,Logistic Regression,CUST_03172,52,Male,Self-Employed,45825.368,6117.249,12820.5421,6,15,3,9,1,1,0.9355,0.5,0.4355,true_positive,High-risk borrower correctly flagged.
4266,Logistic Regression,CUST_04266,63,Female,Unemployed,31295.3697,5684.1018,19252.8031,4,71,7,9,1,1,0.788,0.5,0.288,true_positive,High-risk borrower correctly flagged.
3063,Logistic Regression,CUST_03063,68,Male,Employed,35639.9469,15407.0218,22670.6237,6,12,17,6,1,1,0.9464,0.5,0.4464,true_positive,High-risk borrower correctly flagged.
2090,Logistic Regression,CUST_02090,64,Other,Self-Employed,61309.9408,1771.3538,11070.7755,0,36,9,9,1,0,0.0894,0.5,0.4106,false_negative,High-risk borrower could be missed by the model.
4517,Logistic Regression,CUST_04517,42,Male,Self-Employed,71834.265,7106.9162,8025.7838,0,19,2,1,1,0,0.0988,0.5,0.4012,false_negative,High-risk borrower could be missed by the model.
4774,Logistic Regression,CUST_04774,28,Other,Employed,41244.6364,5384.7328,8659.5469,0,3,19,8,0,0,0.0981,0.5,0.4019,true_negative,Good borrower correctly not flagged.
1999,Logistic Regression,CUST_01999,30,Other,Employed,68246.0075,2688.7006,6664.8767,6,74,6,9,1,1,0.9267,0.5,0.4267,true_positive,High-risk borrower correctly flagged.
2945,Logistic Regression,CUST_02945,59,Female,Employed,67045.5464,10144.2639,14339.6435,4,13,4,5,1,1,0.8032,0.5,0.3032,true_positive,High-risk borrower correctly flagged.
1095,Logistic Regression,CUST_01095,20,Other,Unemployed,45057.596,500.0,13377.3124,0,55,15,8,0,0,0.1064,0.5,0.3936,true_negative,Good borrower correctly not flagged.
1045,Logistic Regression,CUST_01045,39,Other,Employed,54492.0157,8262.207,8723.493,0,55,16,2,0,0,0.0783,0.5,0.4217,true_negative,Good borrower correctly not flagged.
4184,Logistic Regression,CUST_04184,57,Other,Self-Employed,53152.7799,5244.3091,14375.7794,5,8,11,5,1,1,0.8595,0.5,0.3595,true_positive,High-risk borrower correctly flagged.
3902,Logistic Regression,CUST_03902,51,Male,Self-Employed,40033.6247,500.0,14052.4896,4,70,10,5,1,1,0.7303,0.5,0.2303,true_positive,High-risk borrower correctly flagged.
1377,Logistic Regression,CUST_01377,21,Other,Self-Employed,70029.9053,5176.0574,7235.1114,6,13,14,6,1,1,0.9313,0.5,0.4313,true_positive,High-risk borrower correctly flagged.
1042,Logistic Regression,CUST_01042,38,Male,Employed,75057.7144,8434.8385,18052.0877,6,72,13,4,1,1,0.9486,0.5,0.4486,true_positive,High-risk borrower correctly flagged.
4398,Logistic Regression,CUST_04398,43,Other,Employed,33308.4694,8604.5249,10520.3645,6,26,8,9,1,1,0.9349,0.5,0.4349,true_positive,High-risk borrower correctly flagged.
1967,Logistic Regression,CUST_01967,41,Male,Employed,57185.3969,8331.308,0.0,3,29,0,3,0,1,0.6594,0.5,0.1594,false_positive,Good borrower could be wrongly flagged as high risk.
1061,Logistic Regression,CUST_01061,69,Other,Employed,25051.1263,8383.7225,570.5264,1,55,19,6,1,0,0.1994,0.5,0.3006,false_negative,High-risk borrower could be missed by the model.
1268,Logistic Regression,CUST_01268,43,Female,Unemployed,24492.622,11268.5409,16664.2609,2,26,18,7,1,0,0.3998,0.5,0.1002,false_negative,High-risk borrower could be missed by the model.
3268,Logistic Regression,CUST_03268,31,Female,Self-Employed,18108.8606,7593.7994,15183.0993,4,2,12,7,1,1,0.7718,0.5,0.2718,true_positive,High-risk borrower correctly flagged.
84,Logistic Regression,CUST_00084,40,Male,Self-Employed,47624.4024,2057.5107,7525.264,1,13,14,4,0,0,0.1853,0.5,0.3147,true_negative,Good borrower correctly not flagged.
4455,Logistic Regression,CUST_04455,20,Female,Unemployed,36940.2591,4491.6406,22691.5053,6,49,7,2,1,1,0.9458,0.5,0.4458,true_positive,High-risk borrower correctly flagged.
4612,Logistic Regression,CUST_04612,67,Other,Unemployed,63935.2313,500.0,9353.2175,4,21,2,7,1,1,0.7348,0.5,0.2348,true_positive,High-risk borrower correctly flagged.
3049,Logistic Regression,CUST_03049,25,Male,Employed,28233.5224,12663.8278,3811.9106,7,56,14,3,1,1,0.9735,0.5,0.4735,true_positive,High-risk borrower correctly flagged.
1707,Logistic Regression,CUST_01707,47,Other,Unemployed,42847.7354,10465.8773,9225.0161,6,47,6,3,1,1,0.9355,0.5,0.4355,true_positive,High-risk borrower correctly flagged.
3900,Logistic Regression,CUST_03900,35,Other,Employed,102104.3143,10815.3422,4151.8186,3,32,15,6,1,1,0.5663,0.5,0.0663,true_positive,High-risk borrower correctly flagged.
2368,Logistic Regression,CUST_02368,54,Female,Employed,69667.2962,8447.3732,16435.2749,0,34,11,6,0,0,0.1235,0.5,0.3765,true_negative,Good borrower correctly not flagged.
1241,Logistic Regression,CUST_01241,59,Other,Self-Employed,54940.5644,11772.2596,10267.49,5,22,5,4,1,1,0.865,0.5,0.365,true_positive,High-risk borrower correctly flagged.
682,Logistic Regression,CUST_00682,58,Female,Unemployed,79360.0718,8956.3866,1963.1373,1,2,7,3,1,0,0.1753,0.5,0.3247,false_negative,High-risk borrower could be missed by the model.
1587,Logistic Regression,CUST_01587,42,Other,Employed,19234.4625,5738.0078,14290.5097,2,72,17,9,1,0,0.3562,0.5,0.1438,false_negative,High-risk borrower could be missed by the model.
4084,Logistic Regression,CUST_04084,66,Male,Self-Employed,54264.2833,3715.726,9046.9457,0,41,17,6,0,0,0.0845,0.5,0.4155,true_negative,Good borrower correctly not flagged.
1318,Logistic Regression,CUST_01318,20,Male,Self-Employed,54398.8963,10865.4331,259.8223,5,71,9,7,1,1,0.8903,0.5,0.3903,true_positive,High-risk borrower correctly flagged.
3581,Logistic Regression,CUST_03581,36,Female,Employed,48775.588,16902.7416,13328.3873,0,22,9,1,0,0,0.145,0.5,0.355,true_negative,Good borrower correctly not flagged.
846,Logistic Regression,CUST_00846,53,Male,Employed,71529.8834,13629.1732,11891.507,4,55,8,7,1,1,0.7616,0.5,0.2616,true_positive,High-risk borrower correctly flagged.
3693,Logistic Regression,CUST_03693,57,Other,Employed,52264.5792,7637.4691,0.0,3,72,13,3,1,1,0.6458,0.5,0.1458,true_positive,High-risk borrower correctly flagged.
1551,Logistic Regression,CUST_01551,36,Female,Unemployed,49815.6908,1564.6611,8328.2897,0,14,9,1,0,0,0.0942,0.5,0.4058,true_negative,Good borrower correctly not flagged.
2366,Logistic Regression,CUST_02366,66,Male,Self-Employed,39692.714,1817.971,18684.6938,3,61,6,3,0,1,0.549,0.5,0.049,false_positive,Good borrower could be wrongly flagged as high risk.
4219,Logistic Regression,CUST_04219,35,Male,Employed,62639.4724,6518.112,16180.7109,5,9,18,3,1,1,0.8749,0.5,0.3749,true_positive,High-risk borrower correctly flagged.
3284,Logistic Regression,CUST_03284,56,Male,Employed,83341.2372,6908.8349,11509.4549,5,7,2,9,1,1,0.8899,0.5,0.3899,true_positive,High-risk borrower correctly flagged.
2995,Logistic Regression,CUST_02995,65,Male,Employed,38770.9427,11005.1732,4965.4821,0,70,5,4,0,0,0.0959,0.5,0.4041,true_negative,Good borrower correctly not flagged.
4193,Logistic Regression,CUST_04193,57,Male,Employed,56255.3246,10524.2239,14340.1597,5,58,1,1,1,1,0.8611,0.5,0.3611,true_positive,High-risk borrower correctly flagged.
3321,Logistic Regression,CUST_03321,54,Other,Employed,52767.4915,1054.3589,14382.8687,6,54,13,2,1,1,0.9248,0.5,0.4248,true_positive,High-risk borrower correctly flagged.
3553,Logistic Regression,CUST_03553,59,Female,Employed,44281.3328,12644.9697,7178.0838,7,19,15,5,1,1,0.9774,0.5,0.4774,true_positive,High-risk borrower correctly flagged.
1008,Logistic Regression,CUST_01008,30,Other,Unemployed,27877.9485,7005.6468,13941.3965,5,39,6,8,1,1,0.8837,0.5,0.3837,true_positive,High-risk borrower correctly flagged.
3686,Logistic Regression,CUST_03686,40,Female,Self-Employed,31113.9815,15199.909,21457.7797,1,45,1,7,0,0,0.2563,0.5,0.2437,true_negative,Good borrower correctly not flagged.
24,Logistic Regression,CUST_00024,52,Male,Employed,69547.6921,12621.2745,13431.5115,1,58,2,2,1,0,0.2455,0.5,0.2545,false_negative,High-risk borrower could be missed by the model.
4946,Logistic Regression,CUST_04946,24,Other,Unemployed,59513.2319,7762.9816,12147.0997,5,20,6,9,1,1,0.883,0.5,0.383,true_positive,High-risk borrower correctly flagged.
1546,Logistic Regression,CUST_01546,66,Female,Unemployed,59572.3532,7785.0401,19290.9603,0,79,15,3,0,0,0.1541,0.5,0.3459,true_negative,Good borrower correctly not flagged.
67,Logistic Regression,CUST_00067,61,Male,Employed,41633.1796,17049.3486,20924.2619,1,11,10,1,1,0,0.2415,0.5,0.2585,false_negative,High-risk borrower could be missed by the model.
2781,Logistic Regression,CUST_02781,43,Female,Self-Employed,13017.5236,5000.0654,2834.4973,0,54,18,0,1,0,0.093,0.5,0.407,false_negative,High-risk borrower could be missed by the model.
3569,Logistic Regression,CUST_03569,45,Male,Employed,49325.1661,15087.3945,16053.7125,7,2,5,3,1,1,0.9785,0.5,0.4785,true_positive,High-risk borrower correctly flagged.
4221,Logistic Regression,CUST_04221,55,Other,Employed,43959.9939,9428.1255,13783.4457,7,49,18,6,1,1,0.9719,0.5,0.4719,true_positive,High-risk borrower correctly flagged.
4109,Logistic Regression,CUST_04109,56,Other,Self-Employed,65898.6623,500.0,5863.2933,2,22,19,2,1,0,0.2962,0.5,0.2038,false_negative,High-risk borrower could be missed by the model.
4921,Logistic Regression,CUST_04921,20,Male,Employed,46626.9923,9237.4843,10369.673,3,57,10,2,0,1,0.5708,0.5,0.0708,false_positive,Good borrower could be wrongly flagged as high risk.
1202,Logistic Regression,CUST_01202,31,Male,Self-Employed,15908.1153,11490.1288,0.0,1,14,5,2,0,0,0.19,0.5,0.31,true_negative,Good borrower correctly not flagged.
1439,Logistic Regression,CUST_01439,57,Female,Employed,39505.9667,6806.5669,17543.1353,5,70,8,6,1,1,0.9146,0.5,0.4146,true_positive,High-risk borrower correctly flagged.
2875,Logistic Regression,CUST_02875,65,Other,Self-Employed,67996.8234,8352.5516,15061.2365,3,26,18,7,0,1,0.6069,0.5,0.1069,false_positive,Good borrower could be wrongly flagged as high risk.
66,Logistic Regression,CUST_00066,25,Female,Unemployed,55350.2169,13474.5379,9159.7056,2,74,4,6,1,0,0.4761,0.5,0.0239,false_negative,High-risk borrower could be missed by the model.
3401,Logistic Regression,CUST_03401,34,Male,Employed,60460.62,4342.5563,20751.3449,5,31,16,2,1,1,0.8815,0.5,0.3815,true_positive,High-risk borrower correctly flagged.
754,Logistic Regression,CUST_00754,47,Other,Self-Employed,75996.6808,13316.0947,15923.0645,4,31,9,1,1,1,0.711,0.5,0.211,true_positive,High-risk borrower correctly flagged.
640,Logistic Regression,CUST_00640,37,Other,Unemployed,64015.2926,14554.5224,20380.3785,5,8,5,3,1,1,0.8865,0.5,0.3865,true_positive,High-risk borrower correctly flagged.
4541,Logistic Regression,CUST_04541,60,Male,Self-Employed,88660.1269,8546.9449,15267.5033,0,1,12,6,0,0,0.0927,0.5,0.4073,true_negative,Good borrower correctly not flagged.
3466,Logistic Regression,CUST_03466,41,Male,Employed,54805.9297,3821.0392,22910.8278,6,67,12,8,1,1,0.9386,0.5,0.4386,true_positive,High-risk borrower correctly flagged.
2232,Logistic Regression,CUST_02232,45,Female,Self-Employed,44716.5957,3846.1892,8288.1697,6,18,5,2,1,1,0.9282,0.5,0.4282,true_positive,High-risk borrower correctly flagged.
1425,Logistic Regression,CUST_01425,42,Female,Unemployed,46998.1826,1806.9259,12194.1521,4,67,2,5,1,1,0.7742,0.5,0.2742,true_positive,High-risk borrower correctly flagged.
223,Logistic Regression,CUST_00223,20,Female,Employed,39701.2652,11457.9172,4494.1529,6,4,2,6,1,1,0.9447,0.5,0.4447,true_positive,High-risk borrower correctly flagged.
1469,Logistic Regression,CUST_01469,59,Female,Employed,42392.1555,3775.0777,19982.3408,6,42,3,3,1,1,0.9419,0.5,0.4419,true_positive,High-risk borrower correctly flagged.
1060,Logistic Regression,CUST_01060,25,Female,Self-Employed,26719.7807,5701.1624,26775.6496,7,35,9,8,1,1,0.9765,0.5,0.4765,true_positive,High-risk borrower correctly flagged.
4445,Logistic Regression,CUST_04445,20,Other,Unemployed,42511.2883,9462.2837,2300.1733,1,9,3,2,0,0,0.1856,0.5,0.3144,true_negative,Good borrower correctly not flagged.
1749,Logistic Regression,CUST_01749,64,Male,Unemployed,26522.4754,11594.5664,27037.6951,3,22,8,1,1,1,0.6196,0.5,0.1196,true_positive,High-risk borrower correctly flagged.
2454,Logistic Regression,CUST_02454,29,Male,Self-Employed,30685.0827,14836.7818,17489.5975,2,62,13,5,1,0,0.469,0.5,0.031,false_negative,High-risk borrower could be missed by the model.
4106,Logistic Regression,CUST_04106,56,Male,Unemployed,88379.342,6918.1141,16638.6693,7,32,15,9,1,1,0.974,0.5,0.474,true_positive,High-risk borrower correctly flagged.
3438,Logistic Regression,CUST_03438,26,Male,Unemployed,26868.4165,12367.9899,3244.1489,6,67,2,2,1,1,0.932,0.5,0.432,true_positive,High-risk borrower correctly flagged.
2480,Logistic Regression,CUST_02480,64,Male,Employed,70719.7522,11743.9802,14723.6085,7,60,15,0,1,1,0.9728,0.5,0.4728,true_positive,High-risk borrower correctly flagged.
1201,Logistic Regression,CUST_01201,62,Female,Self-Employed,47315.591,4325.3431,19526.982,0,42,5,5,1,0,0.0984,0.5,0.4016,false_negative,High-risk borrower could be missed by the model.
1623,Logistic Regression,CUST_01623,29,Female,Self-Employed,47003.9718,3628.8052,2934.0912,4,39,6,4,1,1,0.7388,0.5,0.2388,true_positive,High-risk borrower correctly flagged.
1780,Logistic Regression,CUST_01780,50,Male,Unemployed,36942.3006,13812.724,7630.0116,7,47,3,4,1,1,0.9741,0.5,0.4741,true_positive,High-risk borrower correctly flagged.
4370,Logistic Regression,CUST_04370,61,Female,Unemployed,38675.1886,10669.2453,22292.723,0,26,12,4,1,0,0.1308,0.5,0.3692,false_negative,High-risk borrower could be missed by the model.
2508,Logistic Regression,CUST_02508,63,Female,Unemployed,85667.9045,13130.1437,1583.4041,5,24,2,8,1,1,0.8652,0.5,0.3652,true_positive,High-risk borrower correctly flagged.
773,Logistic Regression,CUST_00773,37,Other,Unemployed,82491.6083,9318.9298,13995.0491,4,65,16,3,1,1,0.7523,0.5,0.2523,true_positive,High-risk borrower correctly flagged.
4493,Logistic Regression,CUST_04493,65,Female,Self-Employed,49323.5674,8491.6395,10659.4881,0,9,18,1,1,0,0.1071,0.5,0.3929,false_negative,High-risk borrower could be missed by the model.
3495,Logistic Regression,CUST_03495,20,Male,Self-Employed,35395.187,8696.4309,3244.6419,1,29,19,2,0,0,0.2053,0.5,0.2947,true_negative,Good borrower correctly not flagged.
949,Logistic Regression,CUST_00949,66,Other,Self-Employed,45948.1027,8483.0677,14537.3669,7,19,11,2,1,1,0.9614,0.5,0.4614,true_positive,High-risk borrower correctly flagged.
677,Logistic Regression,CUST_00677,58,Male,Employed,59029.5143,10626.1545,8528.2624,2,63,15,0,0,0,0.409,0.5,0.091,true_negative,Good borrower correctly not flagged.
1719,Logistic Regression,CUST_01719,24,Other,Unemployed,60913.8306,500.0,8966.2026,5,13,9,4,1,1,0.8496,0.5,0.3496,true_positive,High-risk borrower correctly flagged.
4123,Logistic Regression,CUST_04123,60,Female,Self-Employed,43708.8762,8850.1396,30275.5137,2,28,18,4,0,0,0.4378,0.5,0.0622,true_negative,Good borrower correctly not flagged.
1784,Logistic Regression,CUST_01784,33,Male,Unemployed,53917.3058,9023.928,17369.9253,4,72,1,8,1,1,0.7455,0.5,0.2455,true_positive,High-risk borrower correctly flagged.
3933,Logistic Regression,CUST_03933,44,Female,Self-Employed,18672.5935,9056.219,9979.3703,6,56,9,9,1,1,0.9554,0.5,0.4554,true_positive,High-risk borrower correctly flagged.
3143,Logistic Regression,CUST_03143,34,Other,Employed,70318.9894,7601.4135,12393.9042,3,17,0,6,0,0,0.4929,0.5,0.0071,true_negative,Good borrower correctly not flagged.
1664,Logistic Regression,CUST_01664,27,Female,Self-Employed,80964.7756,4312.6793,12250.7754,5,63,17,3,1,1,0.8442,0.5,0.3442,true_positive,High-risk borrower correctly flagged.
322,Logistic Regression,CUST_00322,40,Male,Unemployed,58426.7356,9657.8998,319.4236,6,62,7,6,1,1,0.9419,0.5,0.4419,true_positive,High-risk borrower correctly flagged.
3732,Logistic Regression,CUST_03732,46,Male,Employed,70594.8525,9706.7876,11265.5053,3,74,19,0,0,1,0.5725,0.5,0.0725,false_positive,Good borrower could be wrongly flagged as high risk.
4710,Logistic Regression,CUST_04710,38,Male,Self-Employed,56974.4023,500.0,12266.4278,7,32,0,9,1,1,0.9708,0.5,0.4708,true_positive,High-risk borrower correctly flagged.
2694,Logistic Regression,CUST_02694,58,Other,Unemployed,23462.725,10254.6146,4534.4457,2,16,8,3,0,0,0.3633,0.5,0.1367,true_negative,Good borrower correctly not flagged.
805,Logistic Regression,CUST_00805,38,Female,Unemployed,60373.3938,13641.7868,10697.5728,6,17,15,2,1,1,0.9403,0.5,0.4403,true_positive,High-risk borrower correctly flagged.
4220,Logistic Regression,CUST_04220,62,Male,Self-Employed,62925.8142,5166.9683,17786.7811,5,30,1,8,1,1,0.8797,0.5,0.3797,true_positive,High-risk borrower correctly flagged.
1998,Logistic Regression,CUST_01998,59,Female,Unemployed,28974.4349,7604.5622,21307.7867,7,10,4,7,1,1,0.9785,0.5,0.4785,true_positive,High-risk borrower correctly flagged.
4212,Logistic Regression,CUST_04212,51,Other,Employed,89968.6512,6238.584,8217.2805,0,64,8,6,1,0,0.1035,0.5,0.3965,false_negative,High-risk borrower could be missed by the model.
48,Logistic Regression,CUST_00048,28,Female,Employed,60611.0549,14867.5358,23912.005,5,49,3,0,1,1,0.9112,0.5,0.4112,true_positive,High-risk borrower correctly flagged.
1038,Logistic Regression,CUST_01038,24,Female,Employed,47020.363,8133.686,23844.2347,3,60,13,7,1,1,0.7036,0.5,0.2036,true_positive,High-risk borrower correctly flagged.
2419,Logistic Regression,CUST_02419,45,Male,Unemployed,50625.8423,4687.3149,5654.9017,1,33,12,0,0,0,0.1594,0.5,0.3406,true_negative,Good borrower correctly not flagged.
2708,Logistic Regression,CUST_02708,47,Other,Unemployed,46362.177,6736.2177,22470.8879,4,16,11,7,1,1,0.7555,0.5,0.2555,true_positive,High-risk borrower correctly flagged.
4999,Logistic Regression,CUST_04999,42,Other,Self-Employed,68278.1513,16552.935,17730.5765,3,2,16,6,1,1,0.6372,0.5,0.1372,true_positive,High-risk borrower correctly flagged.
532,Logistic Regression,CUST_00532,54,Female,Self-Employed,63024.4811,1677.6958,10435.4815,0,4,10,5,0,0,0.0982,0.5,0.4018,true_negative,Good borrower correctly not flagged.
512,Logistic Regression,CUST_00512,50,Female,Unemployed,42600.5309,7450.7743,14064.6399,3,10,18,9,1,1,0.6161,0.5,0.1161,true_positive,High-risk borrower correctly flagged.
730,Logistic Regression,CUST_00730,51,Female,Unemployed,57025.0126,8788.5862,11868.1344,2,60,9,7,1,0,0.4388,0.5,0.0612,false_negative,High-risk borrower could be missed by the model.
521,Logistic Regression,CUST_00521,43,Male,Self-Employed,50436.582,8675.4908,24938.608,2,37,17,0,1,0,0.3392,0.5,0.1608,false_negative,High-risk borrower could be missed by the model.
132,Logistic Regression,CUST_00132,54,Female,Unemployed,73666.1928,8821.769,1489.1065,0,15,16,9,1,0,0.1052,0.5,0.3948,false_negative,High-risk borrower could be missed by the model.
4470,Logistic Regression,CUST_04470,64,Female,Unemployed,52646.1546,9617.4435,17805.8373,2,52,0,5,1,0,0.4313,0.5,0.0687,false_negative,High-risk borrower could be missed by the model.
1851,Logistic Regression,CUST_01851,42,Female,Employed,38152.8196,11936.8924,13965.2392,1,19,12,5,0,0,0.2913,0.5,0.2087,true_negative,Good borrower correctly not flagged.
280,Logistic Regression,CUST_00280,20,Female,Unemployed,47713.3357,6268.6214,21884.5546,0,74,18,0,1,0,0.1142,0.5,0.3858,false_negative,High-risk borrower could be missed by the model.
4644,Logistic Regression,CUST_04644,24,Other,Unemployed,36136.0955,500.0,17233.7211,5,73,2,4,1,1,0.8564,0.5,0.3564,true_positive,High-risk borrower correctly flagged.
934,Logistic Regression,CUST_00934,34,Female,Unemployed,18717.396,12602.9904,12960.0213,0,40,1,0,1,0,0.1023,0.5,0.3977,false_negative,High-risk borrower could be missed by the model.
3731,Logistic Regression,CUST_03731,50,Other,Self-Employed,15643.6212,5746.4357,3598.2137,2,11,4,9,1,0,0.3523,0.5,0.1477,false_negative,High-risk borrower could be missed by the model.
2552,Logistic Regression,CUST_02552,20,Male,Self-Employed,66026.8777,9135.2589,6308.1903,5,27,18,8,1,1,0.8711,0.5,0.3711,true_positive,High-risk borrower correctly flagged.
3590,Logistic Regression,CUST_03590,38,Male,Employed,38558.6309,8846.9338,23736.8194,6,56,4,1,1,1,0.9377,0.5,0.4377,true_positive,High-risk borrower correctly flagged.
4697,Logistic Regression,CUST_04697,21,Other,Employed,11959.6857,6676.2749,1762.3465,1,46,19,6,0,0,0.1538,0.5,0.3462,true_negative,Good borrower correctly not flagged.
2591,Logistic Regression,CUST_02591,41,Male,Unemployed,55870.8596,2574.0982,13112.4606,3,12,13,1,1,0,0.4954,0.5,0.0046,false_negative,High-risk borrower could be missed by the model.
4164,Logistic Regression,CUST_04164,68,Other,Unemployed,26725.8125,4345.9736,14236.2137,1,43,11,9,1,0,0.2149,0.5,0.2851,false_negative,High-risk borrower could be missed by the model.
3723,Logistic Regression,CUST_03723,38,Female,Unemployed,57636.5106,6900.3772,16372.5896,6,29,17,5,1,1,0.9483,0.5,0.4483,true_positive,High-risk borrower correctly flagged.
3197,Logistic Regression,CUST_03197,53,Female,Employed,56332.6781,10387.8234,4438.4932,4,8,10,0,1,1,0.7458,0.5,0.2458,true_positive,High-risk borrower correctly flagged.
4294,Logistic Regression,CUST_04294,45,Male,Unemployed,41579.6456,2458.8671,9496.9643,1,54,11,2,1,0,0.1682,0.5,0.3318,false_negative,High-risk borrower could be missed by the model.
3147,Logistic Regression,CUST_03147,61,Male,Unemployed,32320.9949,2588.9453,8993.0928,2,65,10,0,1,0,0.3621,0.5,0.1379,false_negative,High-risk borrower could be missed by the model.
3237,Logistic Regression,CUST_03237,61,Other,Self-Employed,23996.1349,14118.2399,11308.5532,4,48,9,9,1,1,0.7622,0.5,0.2622,true_positive,High-risk borrower correctly flagged.
1133,Logistic Regression,CUST_01133,21,Female,Unemployed,57594.8068,6835.9902,20368.2843,4,11,4,3,1,1,0.7297,0.5,0.2297,true_positive,High-risk borrower correctly flagged.
4424,Logistic Regression,CUST_04424,22,Female,Unemployed,33752.962,8891.9282,19560.5275,1,72,7,4,1,0,0.2372,0.5,0.2628,false_negative,High-risk borrower could be missed by the model.
4961,Logistic Regression,CUST_04961,24,Female,Unemployed,62957.555,4950.8794,13221.6279,7,78,9,5,1,1,0.9764,0.5,0.4764,true_positive,High-risk borrower correctly flagged.
1773,Logistic Regression,CUST_01773,42,Female,Employed,51141.2632,9073.7838,17738.1885,7,54,11,5,1,1,0.976,0.5,0.476,true_positive,High-risk borrower correctly flagged.
3274,Logistic Regression,CUST_03274,22,Male,Unemployed,76222.2101,9253.1343,18213.484,4,3,8,0,1,1,0.7444,0.5,0.2444,true_positive,High-risk borrower correctly flagged.
3160,Logistic Regression,CUST_03160,68,Male,Employed,26497.9158,13823.1846,6350.2976,7,47,12,8,1,1,0.9755,0.5,0.4755,true_positive,High-risk borrower correctly flagged.
3545,Logistic Regression,CUST_03545,27,Other,Unemployed,62809.1912,14419.4361,17684.4664,1,52,12,0,1,0,0.1956,0.5,0.3044,false_negative,High-risk borrower could be missed by the model.
4308,Logistic Regression,CUST_04308,40,Other,Employed,60875.5379,4425.2958,0.0,3,75,4,1,1,1,0.5952,0.5,0.0952,true_positive,High-risk borrower correctly flagged.
2098,Logistic Regression,CUST_02098,27,Female,Employed,19287.3052,11935.2978,9799.8359,5,61,18,2,1,1,0.9005,0.5,0.4005,true_positive,High-risk borrower correctly flagged.
188,Logistic Regression,CUST_00188,60,Other,Unemployed,65631.9976,8495.7005,6883.7126,4,60,16,3,1,1,0.7416,0.5,0.2416,true_positive,High-risk borrower correctly flagged.
50,Logistic Regression,CUST_00050,21,Male,Self-Employed,31471.4716,13322.5596,5274.6565,5,33,7,1,1,1,0.8367,0.5,0.3367,true_positive,High-risk borrower correctly flagged.
3105,Logistic Regression,CUST_03105,63,Female,Unemployed,61523.0728,6898.2682,7576.3191,7,28,14,2,1,1,0.9707,0.5,0.4707,true_positive,High-risk borrower correctly flagged.
4672,Logistic Regression,CUST_04672,38,Male,Unemployed,46895.8863,10974.5933,200.4363,7,49,11,8,1,1,0.9747,0.5,0.4747,true_positive,High-risk borrower correctly flagged.
1390,Logistic Regression,CUST_01390,56,Other,Employed,42593.7446,11607.8225,10584.0687,4,17,1,2,1,1,0.765,0.5,0.265,true_positive,High-risk borrower correctly flagged.
2147,Logistic Regression,CUST_02147,20,Other,Unemployed,65078.7008,10009.9853,14916.507,3,0,10,9,1,1,0.6153,0.5,0.1153,true_positive,High-risk borrower correctly flagged.
4642,Logistic Regression,CUST_04642,38,Other,Unemployed,46216.185,11507.8375,15375.7565,2,57,16,4,1,0,0.3995,0.5,0.1005,false_negative,High-risk borrower could be missed by the model.
4899,Logistic Regression,CUST_04899,62,Female,Unemployed,50416.5742,13028.5967,15285.849,3,54,2,8,0,1,0.6298,0.5,0.1298,false_positive,Good borrower could be wrongly flagged as high risk.
4297,Logistic Regression,CUST_04297,24,Other,Self-Employed,40331.1297,500.0,17302.9674,3,43,14,7,1,1,0.5413,0.5,0.0413,true_positive,High-risk borrower correctly flagged.
1075,Logistic Regression,CUST_01075,36,Female,Self-Employed,41789.7375,9974.9747,12684.9193,6,19,15,8,1,1,0.9446,0.5,0.4446,true_positive,High-risk borrower correctly flagged.
2033,Logistic Regression,CUST_02033,31,Male,Unemployed,67890.7002,12376.9621,7225.51,5,2,15,4,1,1,0.8866,0.5,0.3866,true_positive,High-risk borrower correctly flagged.
1823,Logistic Regression,CUST_01823,23,Female,Self-Employed,46039.0369,6948.4907,22689.3508,7,70,13,1,1,1,0.9722,0.5,0.4722,true_positive,High-risk borrower correctly flagged.
2357,Logistic Regression,CUST_02357,41,Male,Employed,32348.0676,12498.6544,17794.9177,6,4,11,8,1,1,0.941,0.5,0.441,true_positive,High-risk borrower correctly flagged.
4313,Logistic Regression,CUST_04313,41,Other,Employed,26865.9898,8973.0105,9472.3273,4,5,16,1,1,1,0.7664,0.5,0.2664,true_positive,High-risk borrower correctly flagged.
2787,Logistic Regression,CUST_02787,20,Other,Unemployed,46731.9394,6084.1831,12741.3823,2,20,3,9,1,0,0.3474,0.5,0.1526,false_negative,High-risk borrower could be missed by the model.
3614,Logistic Regression,CUST_03614,65,Male,Self-Employed,50918.9271,9252.6625,14038.9584,3,21,13,3,1,1,0.535,0.5,0.035,true_positive,High-risk borrower correctly flagged.
2052,Logistic Regression,CUST_02052,60,Other,Unemployed,54029.1231,6220.3327,0.0,5,34,13,1,1,1,0.8905,0.5,0.3905,true_positive,High-risk borrower correctly flagged.
4139,Logistic Regression,CUST_04139,64,Male,Self-Employed,40660.391,19250.9166,13546.4386,3,47,14,0,0,1,0.6107,0.5,0.1107,false_positive,Good borrower could be wrongly flagged as high risk.
2185,Logistic Regression,CUST_02185,68,Female,Self-Employed,35249.2387,7313.1347,6058.371,1,12,12,0,0,0,0.1437,0.5,0.3563,true_negative,Good borrower correctly not flagged.
2397,Logistic Regression,CUST_02397,26,Male,Self-Employed,68908.249,10780.4901,0.0,0,29,19,6,0,0,0.1745,0.5,0.3255,true_negative,Good borrower correctly not flagged.
2933,Logistic Regression,CUST_02933,56,Male,Employed,41853.5605,9283.536,28983.3718,4,59,15,7,1,1,0.7718,0.5,0.2718,true_positive,High-risk borrower correctly flagged.
2682,Logistic Regression,CUST_02682,28,Other,Unemployed,76322.7347,6671.1604,11227.7221,2,50,19,9,1,0,0.4494,0.5,0.0506,false_negative,High-risk borrower could be missed by the model.
2477,Logistic Regression,CUST_02477,61,Other,Employed,55064.7344,14714.775,1127.1383,7,13,13,3,1,1,0.9754,0.5,0.4754,true_positive,High-risk borrower correctly flagged.
4630,Logistic Regression,CUST_04630,33,Female,Employed,60140.7148,1677.3809,15427.5412,1,19,14,4,0,0,0.2283,0.5,0.2717,true_negative,Good borrower correctly not flagged.
2589,Logistic Regression,CUST_02589,62,Other,Self-Employed,23991.3949,4500.2731,17020.0363,3,55,1,7,0,1,0.5848,0.5,0.0848,false_positive,Good borrower could be wrongly flagged as high risk.
4295,Logistic Regression,CUST_04295,68,Female,Self-Employed,70388.6391,6763.8687,8919.1986,0,10,16,1,1,0,0.1069,0.5,0.3931,false_negative,High-risk borrower could be missed by the model.
2377,Logistic Regression,CUST_02377,32,Male,Employed,56033.1587,12971.9505,6531.2149,0,68,15,8,1,0,0.1409,0.5,0.3591,false_negative,High-risk borrower could be missed by the model.
3024,Logistic Regression,CUST_03024,57,Other,Employed,75146.19,7648.4274,21628.7093,1,27,1,6,1,0,0.2127,0.5,0.2873,false_negative,High-risk borrower could be missed by the model.
4402,Logistic Regression,CUST_04402,27,Female,Employed,51285.6496,4970.4812,20132.8976,3,76,12,8,0,1,0.6663,0.5,0.1663,false_positive,Good borrower could be wrongly flagged as high risk.
571,Logistic Regression,CUST_00571,40,Female,Unemployed,50370.1245,9634.9703,17506.0228,4,4,8,6,1,1,0.7924,0.5,0.2924,true_positive,High-risk borrower correctly flagged.
3940,Logistic Regression,CUST_03940,27,Female,Employed,34248.3484,1588.9072,3289.1639,0,27,10,5,1,0,0.1032,0.5,0.3968,false_negative,High-risk borrower could be missed by the model.
1705,Logistic Regression,CUST_01705,60,Female,Employed,56684.8731,6821.6366,14008.7111,0,73,12,3,0,0,0.1149,0.5,0.3851,true_negative,Good borrower correctly not flagged.
1984,Logistic Regression,CUST_01984,45,Other,Self-Employed,42401.675,6908.4046,17659.4918,4,64,0,5,1,1,0.7235,0.5,0.2235,true_positive,High-risk borrower correctly flagged.
520,Logistic Regression,CUST_00520,35,Other,Employed,32555.2868,10459.1665,9529.2207,7,15,14,2,1,1,0.972,0.5,0.472,true_positive,High-risk borrower correctly flagged.
923,Logistic Regression,CUST_00923,66,Female,Self-Employed,47206.7486,8476.6584,17527.1484,7,56,1,0,1,1,0.9676,0.5,0.4676,true_positive,High-risk borrower correctly flagged.
4811,Logistic Regression,CUST_04811,55,Other,Unemployed,31925.9764,12176.931,8042.2171,4,67,2,1,1,1,0.757,0.5,0.257,true_positive,High-risk borrower correctly flagged.
1472,Logistic Regression,CUST_01472,68,Female,Self-Employed,70395.1419,9942.8689,15028.918,6,12,13,0,1,1,0.9576,0.5,0.4576,true_positive,High-risk borrower correctly flagged.
1104,Logistic Regression,CUST_01104,49,Other,Unemployed,10000.0,5182.1356,18113.1881,0,39,10,8,0,0,0.0993,0.5,0.4007,true_negative,Good borrower correctly not flagged.
2673,Logistic Regression,CUST_02673,44,Male,Employed,57783.837,7560.2281,418.7898,3,73,3,7,0,1,0.6146,0.5,0.1146,false_positive,Good borrower could be wrongly flagged as high risk.
3312,Logistic Regression,CUST_03312,44,Male,Self-Employed,15070.0715,6299.4916,11378.918,1,46,13,6,0,0,0.1872,0.5,0.3128,true_negative,Good borrower correctly not flagged.
2043,Logistic Regression,CUST_02043,51,Other,Self-Employed,41882.1092,2046.258,8554.6588,5,13,2,7,1,1,0.8603,0.5,0.3603,true_positive,High-risk borrower correctly flagged.
1453,Logistic Regression,CUST_01453,26,Other,Employed,31859.8831,12894.4667,7699.5855,5,20,6,8,1,1,0.8889,0.5,0.3889,true_positive,High-risk borrower correctly flagged.
4720,Logistic Regression,CUST_04720,48,Female,Employed,50353.6002,8717.4185,9922.8079,4,65,9,7,1,1,0.8233,0.5,0.3233,true_positive,High-risk borrower correctly flagged.
931,Logistic Regression,CUST_00931,27,Male,Employed,64318.7785,6244.7521,17894.9712,2,54,17,8,1,0,0.4473,0.5,0.0527,false_negative,High-risk borrower could be missed by the model.
2225,Logistic Regression,CUST_02225,45,Male,Self-Employed,48579.94,7462.9945,14157.8851,6,29,19,7,1,1,0.9329,0.5,0.4329,true_positive,High-risk borrower correctly flagged.
4546,Logistic Regression,CUST_04546,49,Other,Employed,61893.0288,8856.095,11147.279,2,62,4,7,1,0,0.3311,0.5,0.1689,false_negative,High-risk borrower could be missed by the model.
2820,Logistic Regression,CUST_02820,57,Female,Unemployed,53290.4308,2576.3775,10552.5511,3,42,3,0,1,1,0.5728,0.5,0.0728,true_positive,High-risk borrower correctly flagged.
2651,Logistic Regression,CUST_02651,31,Male,Employed,46882.0142,4316.5241,5251.5848,2,25,18,3,1,0,0.4266,0.5,0.0734,false_negative,High-risk borrower could be missed by the model.
4685,Logistic Regression,CUST_04685,52,Female,Self-Employed,41871.3682,527.2186,19749.3658,4,55,11,4,1,1,0.7295,0.5,0.2295,true_positive,High-risk borrower correctly flagged.
85,Logistic Regression,CUST_00085,35,Other,Unemployed,60351.9408,758.0964,20228.896,0,65,10,8,0,0,0.1196,0.5,0.3804,true_negative,Good borrower correctly not flagged.
4706,Logistic Regression,CUST_04706,34,Female,Unemployed,43265.6117,6857.3553,15286.7208,3,44,13,6,0,1,0.6448,0.5,0.1448,false_positive,Good borrower could be wrongly flagged as high risk.
1855,Logistic Regression,CUST_01855,53,Other,Employed,45837.0632,3057.2315,8887.2532,7,32,4,9,1,1,0.9642,0.5,0.4642,true_positive,High-risk borrower correctly flagged.
2947,Logistic Regression,CUST_02947,51,Other,Unemployed,67674.5089,4511.2381,6008.411,4,13,11,7,1,1,0.703,0.5,0.203,true_positive,High-risk borrower correctly flagged.
3911,Logistic Regression,CUST_03911,35,Male,Unemployed,43099.1258,16481.2689,6115.8932,3,11,9,4,1,1,0.6389,0.5,0.1389,true_positive,High-risk borrower correctly flagged.
697,Logistic Regression,CUST_00697,68,Male,Employed,61868.1379,4658.2204,14723.3736,6,24,16,5,1,1,0.937,0.5,0.437,true_positive,High-risk borrower correctly flagged.
4000,Logistic Regression,CUST_04000,38,Male,Unemployed,38858.1869,12072.3579,3319.0646,0,4,12,4,1,0,0.144,0.5,0.356,false_negative,High-risk borrower could be missed by the model.
3434,Logistic Regression,CUST_03434,28,Female,Employed,14674.4511,3682.3912,22155.1376,1,70,10,4,1,0,0.277,0.5,0.223,false_negative,High-risk borrower could be missed by the model.
4922,Logistic Regression,CUST_04922,22,Male,Self-Employed,41465.0897,19079.0291,2412.5868,1,67,3,0,0,0,0.2486,0.5,0.2514,true_negative,Good borrower correctly not flagged.
2053,Logistic Regression,CUST_02053,22,Female,Unemployed,34767.7941,12163.6234,6162.2673,7,66,14,0,1,1,0.9792,0.5,0.4792,true_positive,High-risk borrower correctly flagged.
4732,Logistic Regression,CUST_04732,60,Male,Employed,55255.5176,10391.2081,7512.4934,4,62,6,0,1,1,0.6851,0.5,0.1851,true_positive,High-risk borrower correctly flagged.
881,Logistic Regression,CUST_00881,42,Male,Self-Employed,51561.1537,6445.6706,10335.0505,3,29,17,6,0,1,0.606,0.5,0.106,false_positive,Good borrower could be wrongly flagged as high risk.
4518,Logistic Regression,CUST_04518,42,Male,Self-Employed,15544.6399,4895.6494,16462.4434,4,60,9,4,1,1,0.7811,0.5,0.2811,true_positive,High-risk borrower correctly flagged.
817,Logistic Regression,CUST_00817,59,Male,Employed,40228.3833,9228.2983,10754.4639,0,45,16,3,1,0,0.1174,0.5,0.3826,false_negative,High-risk borrower could be missed by the model.
3359,Logistic Regression,CUST_03359,41,Male,Unemployed,18156.4208,7555.5626,8932.4668,4,20,12,3,1,1,0.7695,0.5,0.2695,true_positive,High-risk borrower correctly flagged.
3104,Logistic Regression,CUST_03104,43,Other,Employed,49632.3186,12402.6565,17766.1543,6,27,13,9,1,1,0.9544,0.5,0.4544,true_positive,High-risk borrower correctly flagged.
195,Logistic Regression,CUST_00195,56,Female,Employed,25739.8344,16798.8084,12084.4775,0,27,17,2,1,0,0.1249,0.5,0.3751,false_negative,High-risk borrower could be missed by the model.
3993,Logistic Regression,CUST_03993,20,Other,Unemployed,36258.3746,6748.1401,14768.8049,3,31,15,5,0,1,0.5897,0.5,0.0897,false_positive,Good borrower could be wrongly flagged as high risk.
3538,Logistic Regression,CUST_03538,44,Female,Employed,41188.3399,7451.5819,12225.2647,0,27,14,5,0,0,0.1136,0.5,0.3864,true_negative,Good borrower correctly not flagged.
4770,Logistic Regression,CUST_04770,25,Other,Employed,48996.5688,7716.5041,10747.2525,4,1,14,9,1,1,0.7562,0.5,0.2562,true_positive,High-risk borrower correctly flagged.
3786,Logistic Regression,CUST_03786,23,Other,Self-Employed,30655.8032,6243.6079,16526.4625,1,19,3,6,0,0,0.1905,0.5,0.3095,true_negative,Good borrower correctly not flagged.
595,Logistic Regression,CUST_00595,54,Female,Self-Employed,53277.9086,4567.1747,20891.0015,1,35,18,6,0,0,0.2252,0.5,0.2748,true_negative,Good borrower correctly not flagged.
928,Logistic Regression,CUST_00928,45,Female,Self-Employed,30743.9772,13291.2743,11208.2205,4,27,11,6,1,1,0.7864,0.5,0.2864,true_positive,High-risk borrower correctly flagged.
1271,Logistic Regression,CUST_01271,48,Female,Unemployed,36621.1082,11730.6418,12148.9264,2,12,9,1,0,0,0.3892,0.5,0.1108,true_negative,Good borrower correctly not flagged.
4075,Logistic Regression,CUST_04075,56,Other,Unemployed,76342.3042,14840.7891,24145.5679,6,52,19,7,1,1,0.9487,0.5,0.4487,true_positive,High-risk borrower correctly flagged.
1732,Logistic Regression,CUST_01732,67,Other,Self-Employed,90378.3913,14670.996,13896.5584,2,66,13,1,1,0,0.3283,0.5,0.1717,false_negative,High-risk borrower could be missed by the model.
4799,Logistic Regression,CUST_04799,47,Female,Unemployed,10000.0,5876.7725,15026.3669,1,1,4,2,1,0,0.1942,0.5,0.3058,false_negative,High-risk borrower could be missed by the model.
2506,Logistic Regression,CUST_02506,69,Female,Employed,33950.2138,5325.6154,26181.3708,6,72,4,6,1,1,0.9531,0.5,0.4531,true_positive,High-risk borrower correctly flagged.
2974,Logistic Regression,CUST_02974,35,Other,Self-Employed,55075.1936,8237.9168,15051.1758,1,56,7,7,0,0,0.1914,0.5,0.3086,true_negative,Good borrower correctly not flagged.
2759,Logistic Regression,CUST_02759,36,Female,Unemployed,65943.0744,12630.4694,15504.1722,7,10,13,1,1,1,0.9733,0.5,0.4733,true_positive,High-risk borrower correctly flagged.
2821,Logistic Regression,CUST_02821,66,Other,Employed,70180.4902,8321.2762,5135.4878,6,11,7,2,1,1,0.9234,0.5,0.4234,true_positive,High-risk borrower correctly flagged.
1414,Logistic Regression,CUST_01414,44,Female,Employed,33067.6361,1594.8722,6408.6927,3,4,5,0,0,1,0.5734,0.5,0.0734,false_positive,Good borrower could be wrongly flagged as high risk.
2915,Logistic Regression,CUST_02915,34,Male,Self-Employed,32669.5682,8396.6979,5929.734,3,70,19,4,0,1,0.555,0.5,0.055,false_positive,Good borrower could be wrongly flagged as high risk.
627,Logistic Regression,CUST_00627,35,Female,Self-Employed,46916.9002,500.0,11582.9139,4,21,3,1,1,1,0.6979,0.5,0.1979,true_positive,High-risk borrower correctly flagged.
991,Logistic Regression,CUST_00991,61,Female,Self-Employed,41165.7435,9770.5459,25082.4694,4,57,10,5,1,1,0.7512,0.5,0.2512,true_positive,High-risk borrower correctly flagged.
1728,Logistic Regression,CUST_01728,45,Female,Unemployed,60531.2842,13983.782,14996.8593,7,11,17,1,1,1,0.9785,0.5,0.4785,true_positive,High-risk borrower correctly flagged.
4845,Logistic Regression,CUST_04845,64,Male,Unemployed,48275.1125,13593.6534,2267.7509,7,73,15,1,1,1,0.975,0.5,0.475,true_positive,High-risk borrower correctly flagged.
395,Logistic Regression,CUST_00395,36,Other,Employed,49417.6504,10774.1601,7532.3137,3,76,10,0,0,1,0.5444,0.5,0.0444,false_positive,Good borrower could be wrongly flagged as high risk.
4844,Logistic Regression,CUST_04844,39,Other,Unemployed,49014.472,10666.6366,11508.9195,7,15,9,5,1,1,0.9758,0.5,0.4758,true_positive,High-risk borrower correctly flagged.
4333,Logistic Regression,CUST_04333,30,Female,Self-Employed,60631.9753,6916.0646,16898.4936,4,21,15,3,1,1,0.792,0.5,0.292,true_positive,High-risk borrower correctly flagged.
292,Logistic Regression,CUST_00292,22,Other,Self-Employed,70689.3673,6305.0075,12199.5263,0,21,8,0,1,0,0.0856,0.5,0.4144,false_negative,High-risk borrower could be missed by the model.
218,Logistic Regression,CUST_00218,47,Female,Employed,72603.7912,9691.4626,3747.8473,7,40,19,5,1,1,0.9732,0.5,0.4732,true_positive,High-risk borrower correctly flagged.
113,Logistic Regression,CUST_00113,61,Other,Self-Employed,40966.6714,3834.165,8930.8768,7,41,2,5,1,1,0.963,0.5,0.463,true_positive,High-risk borrower correctly flagged.
1256,Logistic Regression,CUST_01256,26,Other,Employed,56135.8699,11124.6297,0.0,4,39,6,0,1,1,0.7958,0.5,0.2958,true_positive,High-risk borrower correctly flagged.
2691,Logistic Regression,CUST_02691,52,Male,Self-Employed,34370.9468,6837.8297,5784.4747,3,41,11,9,1,1,0.5164,0.5,0.0164,true_positive,High-risk borrower correctly flagged.
499,Logistic Regression,CUST_00499,45,Female,Unemployed,39356.5165,500.0,12012.3433,0,51,3,0,1,0,0.1107,0.5,0.3893,false_negative,High-risk borrower could be missed by the model.
4408,Logistic Regression,CUST_04408,48,Other,Self-Employed,37388.1002,6725.5736,19087.5559,6,15,8,0,1,1,0.9214,0.5,0.4214,true_positive,High-risk borrower correctly flagged.
987,Logistic Regression,CUST_00987,59,Female,Employed,31550.9084,5667.1301,15109.6709,1,65,17,6,0,0,0.2191,0.5,0.2809,true_negative,Good borrower correctly not flagged.
3629,Logistic Regression,CUST_03629,55,Female,Employed,42529.1664,5718.1807,8120.384,2,16,5,4,1,0,0.3553,0.5,0.1447,false_negative,High-risk borrower could be missed by the model.
1028,Logistic Regression,CUST_01028,68,Other,Employed,67441.1117,4026.7,15269.7743,7,4,12,8,1,1,0.9745,0.5,0.4745,true_positive,High-risk borrower correctly flagged.
1702,Logistic Regression,CUST_01702,56,Female,Employed,85960.8703,1099.7701,8852.2254,5,22,7,9,1,1,0.8532,0.5,0.3532,true_positive,High-risk borrower correctly flagged.
4576,Logistic Regression,CUST_04576,67,Other,Employed,71039.9375,2698.0091,4658.767,5,63,8,5,1,1,0.849,0.5,0.349,true_positive,High-risk borrower correctly flagged.
1981,Logistic Regression,CUST_01981,49,Male,Self-Employed,43316.9721,8979.3585,13770.9272,2,45,18,3,0,0,0.4021,0.5,0.0979,true_negative,Good borrower correctly not flagged.
4629,Logistic Regression,CUST_04629,59,Male,Employed,50547.6262,6303.2033,1078.8952,6,53,2,3,1,1,0.9254,0.5,0.4254,true_positive,High-risk borrower correctly flagged.
2313,Logistic Regression,CUST_02313,65,Female,Employed,51680.6395,17243.7965,9531.0685,4,49,16,3,1,1,0.7656,0.5,0.2656,true_positive,High-risk borrower correctly flagged.
3650,Logistic Regression,CUST_03650,29,Other,Unemployed,68007.8602,8909.9925,4879.3733,6,52,17,7,1,1,0.9429,0.5,0.4429,true_positive,High-risk borrower correctly flagged.
1395,Logistic Regression,CUST_01395,63,Other,Self-Employed,91074.2525,12137.8379,3643.3608,2,28,19,7,1,0,0.4352,0.5,0.0648,false_negative,High-risk borrower could be missed by the model.
3769,Logistic Regression,CUST_03769,61,Male,Employed,69740.076,14095.8351,6329.5009,3,5,10,8,0,1,0.605,0.5,0.105,false_positive,Good borrower could be wrongly flagged as high risk.
4901,Logistic Regression,CUST_04901,59,Other,Unemployed,55591.5038,5555.924,14512.9717,6,51,2,1,1,1,0.9462,0.5,0.4462,true_positive,High-risk borrower correctly flagged.
510,Logistic Regression,CUST_00510,55,Male,Employed,59921.1806,10185.7068,13993.2085,0,17,15,2,0,0,0.0967,0.5,0.4033,true_negative,Good borrower correctly not flagged.
3062,Logistic Regression,CUST_03062,62,Female,Employed,57418.9492,1189.9251,0.0,0,3,11,2,0,0,0.1333,0.5,0.3667,true_negative,Good borrower correctly not flagged.
4431,Logistic Regression,CUST_04431,58,Male,Unemployed,19136.4451,15789.6019,15235.2975,2,7,11,5,1,0,0.4072,0.5,0.0928,false_negative,High-risk borrower could be missed by the model.
2656,Logistic Regression,CUST_02656,50,Other,Unemployed,68092.8639,5363.5791,9858.6752,5,63,1,1,1,1,0.8466,0.5,0.3466,true_positive,High-risk borrower correctly flagged.
1581,Logistic Regression,CUST_01581,53,Female,Unemployed,49384.7361,13630.8183,22639.197,2,61,3,7,0,0,0.446,0.5,0.054,true_negative,Good borrower correctly not flagged.
2327,Logistic Regression,CUST_02327,24,Female,Employed,10000.0,500.0,10405.9439,1,7,14,7,0,0,0.2466,0.5,0.2534,true_negative,Good borrower correctly not flagged.
2066,Logistic Regression,CUST_02066,43,Other,Unemployed,75260.8158,10773.1561,17514.1981,6,34,2,5,1,1,0.9392,0.5,0.4392,true_positive,High-risk borrower correctly flagged.
1187,Logistic Regression,CUST_01187,62,Male,Self-Employed,46145.4103,12536.5251,9691.9809,3,51,11,8,0,1,0.6432,0.5,0.1432,false_positive,Good borrower could be wrongly flagged as high risk.
1835,Logistic Regression,CUST_01835,33,Other,Unemployed,41174.6286,3903.2412,7535.4685,2,31,6,9,1,0,0.3738,0.5,0.1262,false_negative,High-risk borrower could be missed by the model.
1864,Logistic Regression,CUST_01864,48,Male,Employed,35036.4896,4119.4597,19431.5877,1,12,6,3,1,0,0.2101,0.5,0.2899,false_negative,High-risk borrower could be missed by the model.
3189,Logistic Regression,CUST_03189,29,Other,Unemployed,37689.4125,13333.8347,11312.1544,2,34,11,9,0,0,0.4242,0.5,0.0758,true_negative,Good borrower correctly not flagged.
4971,Logistic Regression,CUST_04971,40,Other,Employed,64589.6501,5428.7533,8764.5574,5,48,14,0,1,1,0.8505,0.5,0.3505,true_positive,High-risk borrower correctly flagged.
1204,Logistic Regression,CUST_01204,32,Female,Self-Employed,37569.0463,11750.5512,6639.0915,2,43,19,3,1,0,0.369,0.5,0.131,false_negative,High-risk borrower could be missed by the model.
2920,Logistic Regression,CUST_02920,41,Male,Self-Employed,86182.7153,500.0,17729.2295,7,38,18,3,1,1,0.9704,0.5,0.4704,true_positive,High-risk borrower correctly flagged.
771,Logistic Regression,CUST_00771,52,Other,Unemployed,46746.0184,6201.0327,9561.0307,0,25,7,1,1,0,0.1075,0.5,0.3925,false_negative,High-risk borrower could be missed by the model.
2971,Logistic Regression,CUST_02971,53,Other,Unemployed,41007.5125,7425.3694,14975.5474,5,68,14,9,1,1,0.8859,0.5,0.3859,true_positive,High-risk borrower correctly flagged.
4127,Logistic Regression,CUST_04127,32,Female,Employed,41511.6553,8897.6607,1256.2703,3,6,2,8,0,1,0.6327,0.5,0.1327,false_positive,Good borrower could be wrongly flagged as high risk.
4934,Logistic Regression,CUST_04934,29,Other,Unemployed,41272.8814,8565.5306,6782.9437,1,44,12,3,1,0,0.1741,0.5,0.3259,false_negative,High-risk borrower could be missed by the model.
938,Logistic Regression,CUST_00938,45,Male,Unemployed,43535.6056,5982.8187,15712.0478,2,35,14,6,1,0,0.3939,0.5,0.1061,false_negative,High-risk borrower could be missed by the model.
4024,Logistic Regression,CUST_04024,42,Male,Employed,28844.9579,5302.2023,19209.7886,5,58,14,8,1,1,0.8838,0.5,0.3838,true_positive,High-risk borrower correctly flagged.
1919,Logistic Regression,CUST_01919,39,Other,Unemployed,44666.4667,5803.3419,2767.8986,3,36,1,1,1,1,0.5207,0.5,0.0207,true_positive,High-risk borrower correctly flagged.
1296,Logistic Regression,CUST_01296,51,Male,Employed,67251.0551,12800.8096,21889.9242,0,37,19,7,1,0,0.1406,0.5,0.3594,false_negative,High-risk borrower could be missed by the model.
2760,Logistic Regression,CUST_02760,28,Female,Employed,71780.3836,4759.3383,13752.3623,2,26,17,4,0,0,0.3733,0.5,0.1267,true_negative,Good borrower correctly not flagged.
4622,Logistic Regression,CUST_04622,51,Male,Employed,26867.813,14123.1441,7450.6118,6,4,17,7,1,1,0.9484,0.5,0.4484,true_positive,High-risk borrower correctly flagged.
1652,Logistic Regression,CUST_01652,56,Other,Self-Employed,71547.7015,5880.0515,7683.9254,6,12,18,6,1,1,0.9266,0.5,0.4266,true_positive,High-risk borrower correctly flagged.
2926,Logistic Regression,CUST_02926,42,Other,Unemployed,40485.0206,826.3797,17200.4107,1,61,11,4,1,0,0.2032,0.5,0.2968,false_negative,High-risk borrower could be missed by the model.
4272,Logistic Regression,CUST_04272,64,Male,Employed,64432.7472,8866.668,17684.5917,7,20,3,4,1,1,0.9727,0.5,0.4727,true_positive,High-risk borrower correctly flagged.
4947,Logistic Regression,CUST_04947,20,Other,Unemployed,40755.2531,12333.5225,18408.8192,0,11,19,6,0,0,0.1317,0.5,0.3683,true_negative,Good borrower correctly not flagged.
2677,Logistic Regression,CUST_02677,50,Female,Self-Employed,41918.7233,6625.1407,2747.8537,6,76,14,9,1,1,0.9501,0.5,0.4501,true_positive,High-risk borrower correctly flagged.
100,Logistic Regression,CUST_00100,28,Male,Unemployed,43355.7091,12175.8936,15709.4951,7,8,5,1,1,1,0.9727,0.5,0.4727,true_positive,High-risk borrower correctly flagged.
2072,Logistic Regression,CUST_02072,39,Other,Employed,63031.5094,8339.4138,24781.4165,0,17,16,1,1,0,0.0921,0.5,0.4079,false_negative,High-risk borrower could be missed by the model.
2827,Logistic Regression,CUST_02827,27,Female,Employed,23054.1982,4332.7106,10721.1656,3,9,6,2,0,1,0.5957,0.5,0.0957,false_positive,Good borrower could be wrongly flagged as high risk.
809,Logistic Regression,CUST_00809,28,Female,Unemployed,32224.9497,10427.7943,11546.9586,2,42,16,5,1,0,0.4203,0.5,0.0797,false_negative,High-risk borrower could be missed by the model.
4624,Logistic Regression,CUST_04624,37,Male,Employed,51666.944,10004.6942,9989.1877,1,4,7,7,1,0,0.2219,0.5,0.2781,false_negative,High-risk borrower could be missed by the model.
765,Logistic Regression,CUST_00765,21,Female,Employed,44438.1122,709.7555,1653.1304,3,71,15,6,1,1,0.5673,0.5,0.0673,true_positive,High-risk borrower correctly flagged.
4103,Logistic Regression,CUST_04103,38,Other,Self-Employed,35223.5632,7121.536,9600.6571,4,24,1,7,1,1,0.7336,0.5,0.2336,true_positive,High-risk borrower correctly flagged.
3580,Logistic Regression,CUST_03580,60,Male,Unemployed,77865.3392,1430.456,17897.494,3,37,1,1,1,1,0.5522,0.5,0.0522,true_positive,High-risk borrower correctly flagged.
2101,Logistic Regression,CUST_02101,49,Female,Unemployed,13217.117,3480.2953,12030.4111,7,52,15,7,1,1,0.9738,0.5,0.4738,true_positive,High-risk borrower correctly flagged.
4227,Logistic Regression,CUST_04227,51,Female,Employed,68678.8991,3519.5605,8405.7547,4,7,19,8,1,1,0.7489,0.5,0.2489,true_positive,High-risk borrower correctly flagged.
2658,Logistic Regression,CUST_02658,39,Other,Self-Employed,82960.6474,12460.838,15479.4807,6,37,5,3,1,1,0.9468,0.5,0.4468,true_positive,High-risk borrower correctly flagged.
76,Logistic Regression,CUST_00076,33,Male,Unemployed,15901.1205,4664.1449,3508.3756,1,77,5,9,1,0,0.2333,0.5,0.2667,false_negative,High-risk borrower could be missed by the model.
4951,Logistic Regression,CUST_04951,61,Other,Employed,36560.0941,4821.4561,21266.7646,5,54,9,5,1,1,0.8676,0.5,0.3676,true_positive,High-risk borrower correctly flagged.
1952,Logistic Regression,CUST_01952,44,Other,Unemployed,45169.3167,20104.7872,6259.4319,2,62,18,5,1,0,0.396,0.5,0.104,false_negative,High-risk borrower could be missed by the model.
3552,Logistic Regression,CUST_03552,54,Other,Unemployed,79130.8126,5347.0436,19014.1999,1,78,8,8,1,0,0.2187,0.5,0.2813,false_negative,High-risk borrower could be missed by the model.
3502,Logistic Regression,CUST_03502,31,Other,Self-Employed,85450.0169,10313.2231,1249.147,7,7,5,0,1,1,0.9657,0.5,0.4657,true_positive,High-risk borrower correctly flagged.
4729,Logistic Regression,CUST_04729,37,Female,Self-Employed,47752.6565,5739.8551,7576.5948,1,52,1,5,0,0,0.1798,0.5,0.3202,true_negative,Good borrower correctly not flagged.
379,Logistic Regression,CUST_00379,61,Male,Self-Employed,51020.0653,5741.3398,11218.279,4,12,4,1,1,1,0.6683,0.5,0.1683,true_positive,High-risk borrower correctly flagged.
2674,Logistic Regression,CUST_02674,21,Other,Self-Employed,33883.0782,9590.965,14685.8927,7,66,17,6,1,1,0.9751,0.5,0.4751,true_positive,High-risk borrower correctly flagged.
147,Logistic Regression,CUST_00147,34,Other,Self-Employed,49941.0612,12073.9198,10832.7009,7,21,17,9,1,1,0.9733,0.5,0.4733,true_positive,High-risk borrower correctly flagged.
4189,Logistic Regression,CUST_04189,62,Male,Unemployed,35824.0736,3850.9695,15654.9503,5,46,6,8,1,1,0.8734,0.5,0.3734,true_positive,High-risk borrower correctly flagged.
4897,Logistic Regression,CUST_04897,40,Female,Employed,29847.9493,9470.1871,21163.8752,5,78,1,0,1,1,0.8941,0.5,0.3941,true_positive,High-risk borrower correctly flagged.
4291,Logistic Regression,CUST_04291,60,Female,Unemployed,48750.1868,2026.6941,7654.9716,2,76,4,6,0,0,0.3959,0.5,0.1041,true_negative,Good borrower correctly not flagged.
937,Logistic Regression,CUST_00937,33,Female,Self-Employed,52462.2056,11357.3611,19047.8905,4,33,12,5,1,1,0.7893,0.5,0.2893,true_positive,High-risk borrower correctly flagged.
3485,Logistic Regression,CUST_03485,63,Other,Employed,72601.7345,11687.1225,8288.7569,7,55,16,8,1,1,0.9736,0.5,0.4736,true_positive,High-risk borrower correctly flagged.
1659,Logistic Regression,CUST_01659,32,Female,Unemployed,70731.8864,3622.3971,11730.8559,1,54,12,7,1,0,0.1831,0.5,0.3169,false_negative,High-risk borrower could be missed by the model.
464,Logistic Regression,CUST_00464,28,Female,Employed,53085.3763,4558.2793,22153.573,0,73,19,9,0,0,0.1137,0.5,0.3863,true_negative,Good borrower correctly not flagged.
3819,Logistic Regression,CUST_03819,36,Female,Unemployed,59617.4369,7728.8848,21063.1716,0,26,16,0,1,0,0.144,0.5,0.356,false_negative,High-risk borrower could be missed by the model.
3229,Logistic Regression,CUST_03229,45,Other,Unemployed,71794.7107,5780.2148,5459.1324,1,33,18,7,1,0,0.1819,0.5,0.3181,false_negative,High-risk borrower could be missed by the model.
139,Logistic Regression,CUST_00139,20,Female,Self-Employed,38233.813,744.946,18620.6763,2,64,11,0,1,0,0.3567,0.5,0.1433,false_negative,High-risk borrower could be missed by the model.
1161,Logistic Regression,CUST_01161,29,Female,Unemployed,49555.2044,500.0,21423.5923,1,58,18,3,0,0,0.194,0.5,0.306,true_negative,Good borrower correctly not flagged.
51,Logistic Regression,CUST_00051,39,Female,Employed,78352.4718,8614.7212,8525.4462,3,67,18,4,1,1,0.5678,0.5,0.0678,true_positive,High-risk borrower correctly flagged.
736,Logistic Regression,CUST_00736,47,Male,Unemployed,44299.266,12406.5627,12616.4892,4,32,8,3,1,1,0.7646,0.5,0.2646,true_positive,High-risk borrower correctly flagged.
2884,Logistic Regression,CUST_02884,60,Male,Employed,47682.0634,9329.1628,13402.5001,6,5,13,8,1,1,0.9501,0.5,0.4501,true_positive,High-risk borrower correctly flagged.
3543,Logistic Regression,CUST_03543,45,Other,Self-Employed,43165.1152,12464.6183,6985.2989,1,19,1,0,1,0,0.1697,0.5,0.3303,false_negative,High-risk borrower could be missed by the model.
756,Logistic Regression,CUST_00756,48,Other,Employed,37990.3031,3495.7344,11905.8829,0,30,4,4,0,0,0.1044,0.5,0.3956,true_negative,Good borrower correctly not flagged.
1367,Logistic Regression,CUST_01367,26,Female,Employed,49372.6649,5196.7695,7728.1644,0,45,15,4,1,0,0.1315,0.5,0.3685,false_negative,High-risk borrower could be missed by the model.
1213,Logistic Regression,CUST_01213,63,Male,Employed,54376.0403,2482.7003,8862.1359,4,48,18,4,1,1,0.7531,0.5,0.2531,true_positive,High-risk borrower correctly flagged.
3292,Logistic Regression,CUST_03292,65,Female,Self-Employed,56029.704,15272.7807,0.0,3,71,3,8,0,1,0.7237,0.5,0.2237,false_positive,Good borrower could be wrongly flagged as high risk.
4786,Logistic Regression,CUST_04786,45,Other,Employed,54589.7252,14580.0921,9208.3099,1,67,15,1,0,0,0.219,0.5,0.281,true_negative,Good borrower correctly not flagged.
648,Logistic Regression,CUST_00648,26,Female,Self-Employed,26672.3596,12170.4906,13318.5686,5,66,18,2,1,1,0.878,0.5,0.378,true_positive,High-risk borrower correctly flagged.
2243,Logistic Regression,CUST_02243,52,Female,Unemployed,56705.354,10727.05,14357.4794,1,39,8,1,1,0,0.2761,0.5,0.2239,false_negative,High-risk borrower could be missed by the model.
2231,Logistic Regression,CUST_02231,36,Female,Employed,69311.3268,6766.4708,13791.5235,7,20,0,2,1,1,0.968,0.5,0.468,true_positive,High-risk borrower correctly flagged.
4452,Logistic Regression,CUST_04452,60,Other,Unemployed,41321.433,885.5789,18197.3111,1,78,16,0,0,0,0.1767,0.5,0.3233,true_negative,Good borrower correctly not flagged.
2028,Logistic Regression,CUST_02028,33,Other,Unemployed,49308.5154,9374.9572,6690.6289,5,73,17,5,1,1,0.8783,0.5,0.3783,true_positive,High-risk borrower correctly flagged.
1915,Logistic Regression,CUST_01915,48,Female,Employed,24063.3902,2372.9224,28354.0565,5,78,12,3,1,1,0.9027,0.5,0.4027,true_positive,High-risk borrower correctly flagged.
3243,Logistic Regression,CUST_03243,69,Male,Unemployed,36085.3127,3486.7804,19682.8436,4,53,1,5,1,1,0.7337,0.5,0.2337,true_positive,High-risk borrower correctly flagged.
604,Logistic Regression,CUST_00604,32,Other,Employed,29184.5904,9139.9296,14556.0105,0,44,10,9,1,0,0.0985,0.5,0.4015,false_negative,High-risk borrower could be missed by the model.
2710,Logistic Regression,CUST_02710,33,Other,Employed,58988.8339,12701.0041,20081.1833,0,58,4,0,1,0,0.1131,0.5,0.3869,false_negative,High-risk borrower could be missed by the model.
837,Logistic Regression,CUST_00837,42,Male,Self-Employed,102049.8565,6980.8602,13983.5344,3,73,2,4,1,1,0.5613,0.5,0.0613,true_positive,High-risk borrower correctly flagged.
4022,Logistic Regression,CUST_04022,23,Female,Employed,54838.6015,6905.8487,19933.8662,7,11,0,1,1,1,0.9733,0.5,0.4733,true_positive,High-risk borrower correctly flagged.
3605,Logistic Regression,CUST_03605,52,Other,Unemployed,57797.1353,7276.9842,1324.507,3,59,3,1,0,1,0.5266,0.5,0.0266,false_positive,Good borrower could be wrongly flagged as high risk.
2680,Logistic Regression,CUST_02680,42,Other,Employed,62103.0735,5424.9087,21269.3986,6,63,2,7,1,1,0.9439,0.5,0.4439,true_positive,High-risk borrower correctly flagged.
4066,Logistic Regression,CUST_04066,55,Female,Self-Employed,50362.2303,7184.2742,6541.3708,0,24,4,7,1,0,0.1061,0.5,0.3939,false_negative,High-risk borrower could be missed by the model.
4160,Logistic Regression,CUST_04160,40,Male,Employed,37900.7305,12555.3874,16814.9425,1,55,13,8,1,0,0.3115,0.5,0.1885,false_negative,High-risk borrower could be missed by the model.
4916,Logistic Regression,CUST_04916,62,Other,Self-Employed,71763.5788,13061.4018,12091.6855,1,57,3,2,1,0,0.1899,0.5,0.3101,false_negative,High-risk borrower could be missed by the model.
354,Logistic Regression,CUST_00354,68,Female,Unemployed,50696.6413,1116.1872,9271.7845,0,39,18,7,1,0,0.1002,0.5,0.3998,false_negative,High-risk borrower could be missed by the model.
278,Logistic Regression,CUST_00278,68,Female,Unemployed,56354.1112,6654.5409,6592.0197,0,35,15,2,1,0,0.0971,0.5,0.4029,false_negative,High-risk borrower could be missed by the model.
2755,Logistic Regression,CUST_02755,61,Male,Unemployed,53594.5315,11847.6909,7822.1755,7,47,10,2,1,1,0.9771,0.5,0.4771,true_positive,High-risk borrower correctly flagged.
130,Logistic Regression,CUST_00130,41,Male,Self-Employed,40114.5662,16122.2466,4188.0111,3,53,2,9,0,1,0.5727,0.5,0.0727,false_positive,Good borrower could be wrongly flagged as high risk.
3584,Logistic Regression,CUST_03584,58,Female,Employed,59491.2185,9596.2218,13541.9965,4,76,19,5,1,1,0.7853,0.5,0.2853,true_positive,High-risk borrower correctly flagged.
2714,Logistic Regression,CUST_02714,24,Other,Unemployed,65982.1787,13419.9837,14979.012,5,49,19,0,1,1,0.8957,0.5,0.3957,true_positive,High-risk borrower correctly flagged.
921,Logistic Regression,CUST_00921,66,Female,Employed,63091.9451,3295.3246,7837.3976,1,20,7,2,0,0,0.1909,0.5,0.3091,true_negative,Good borrower correctly not flagged.
1482,Logistic Regression,CUST_01482,55,Male,Unemployed,69778.6533,4443.6231,19580.8603,0,63,18,7,1,0,0.135,0.5,0.365,false_negative,High-risk borrower could be missed by the model.
4586,Logistic Regression,CUST_04586,36,Male,Self-Employed,52946.0917,13896.3898,11875.8462,4,43,0,3,1,1,0.7064,0.5,0.2064,true_positive,High-risk borrower correctly flagged.
3717,Logistic Regression,CUST_03717,23,Male,Unemployed,41123.7815,13376.491,13562.317,7,36,2,4,1,1,0.9712,0.5,0.4712,true_positive,High-risk borrower correctly flagged.
3356,Logistic Regression,CUST_03356,30,Female,Self-Employed,32997.619,1087.2403,22568.5162,1,75,0,8,1,0,0.1969,0.5,0.3031,false_negative,High-risk borrower could be missed by the model.
4190,Logistic Regression,CUST_04190,44,Male,Unemployed,74970.5046,13524.2823,9351.7592,6,4,19,8,1,1,0.9412,0.5,0.4412,true_positive,High-risk borrower correctly flagged.
1868,Logistic Regression,CUST_01868,21,Other,Self-Employed,18413.6381,5288.2399,11304.0095,2,17,8,6,0,0,0.3339,0.5,0.1661,true_negative,Good borrower correctly not flagged.
4069,Logistic Regression,CUST_04069,32,Female,Employed,64455.0888,6282.5145,13645.4772,2,24,17,5,1,0,0.3715,0.5,0.1285,false_negative,High-risk borrower could be missed by the model.
208,Logistic Regression,CUST_00208,58,Female,Unemployed,53563.3898,8459.1976,18136.6473,4,69,13,4,1,1,0.7769,0.5,0.2769,true_positive,High-risk borrower correctly flagged.
2632,Logistic Regression,CUST_02632,20,Female,Unemployed,21101.8154,11179.2921,7436.9331,5,38,7,6,1,1,0.9073,0.5,0.4073,true_positive,High-risk borrower correctly flagged.
1347,Logistic Regression,CUST_01347,66,Other,Unemployed,38245.4496,12227.3317,15387.347,2,47,5,1,1,0,0.4234,0.5,0.0766,false_negative,High-risk borrower could be missed by the model.
4061,Logistic Regression,CUST_04061,28,Male,Self-Employed,65548.8991,10121.5063,17166.1769,4,71,11,7,1,1,0.758,0.5,0.258,true_positive,High-risk borrower correctly flagged.
2909,Logistic Regression,CUST_02909,48,Male,Employed,10000.0,8988.9179,20955.8582,0,57,16,0,0,0,0.1034,0.5,0.3966,true_negative,Good borrower correctly not flagged.
2520,Logistic Regression,CUST_02520,42,Other,Self-Employed,60929.6718,500.0,11991.4211,5,66,18,0,1,1,0.87,0.5,0.37,true_positive,High-risk borrower correctly flagged.
566,Logistic Regression,CUST_00566,64,Other,Unemployed,39389.9483,500.0,12927.6247,4,73,14,5,1,1,0.7472,0.5,0.2472,true_positive,High-risk borrower correctly flagged.
3106,Logistic Regression,CUST_03106,61,Male,Unemployed,87722.4259,500.0,10170.2774,2,30,16,1,0,0,0.3243,0.5,0.1757,true_negative,Good borrower correctly not flagged.
576,Logistic Regression,CUST_00576,43,Female,Employed,67871.7944,10225.0962,15481.1394,3,31,1,1,0,1,0.6119,0.5,0.1119,false_positive,Good borrower could be wrongly flagged as high risk.
1934,Logistic Regression,CUST_01934,21,Female,Self-Employed,61772.4315,4799.8261,14720.2107,6,22,4,7,1,1,0.9317,0.5,0.4317,true_positive,High-risk borrower correctly flagged.
3270,Logistic Regression,CUST_03270,26,Other,Employed,29618.9757,4281.0711,9532.697,3,61,12,1,0,1,0.5163,0.5,0.0163,false_positive,Good borrower could be wrongly flagged as high risk.
2664,Logistic Regression,CUST_02664,62,Male,Self-Employed,49824.857,10223.8434,9401.0717,5,70,17,9,1,1,0.9286,0.5,0.4286,true_positive,High-risk borrower correctly flagged.
2765,Logistic Regression,CUST_02765,48,Female,Unemployed,53926.2387,10043.8973,9604.6469,0,10,17,7,0,0,0.1385,0.5,0.3615,true_negative,Good borrower correctly not flagged.
4526,Logistic Regression,CUST_04526,59,Male,Self-Employed,49085.5979,7395.2134,8493.3788,3,64,0,9,1,1,0.5486,0.5,0.0486,true_positive,High-risk borrower correctly flagged.
2767,Logistic Regression,CUST_02767,29,Other,Employed,28061.27,7567.512,2556.4166,3,66,1,3,1,1,0.6063,0.5,0.1063,true_positive,High-risk borrower correctly flagged.
1668,Logistic Regression,CUST_01668,65,Male,Unemployed,41025.2354,10100.9303,13034.3166,6,76,1,7,1,1,0.9519,0.5,0.4519,true_positive,High-risk borrower correctly flagged.
3447,Logistic Regression,CUST_03447,36,Female,Employed,49194.7689,8711.7733,18967.8767,3,53,16,2,0,1,0.6011,0.5,0.1011,false_positive,Good borrower could be wrongly flagged as high risk.
3315,Logistic Regression,CUST_03315,23,Male,Unemployed,52471.198,2484.6581,9548.0121,6,36,7,3,1,1,0.931,0.5,0.431,true_positive,High-risk borrower correctly flagged.
2141,Logistic Regression,CUST_02141,29,Other,Employed,43040.5844,12531.1765,7638.2663,3,25,19,9,0,1,0.5771,0.5,0.0771,false_positive,Good borrower could be wrongly flagged as high risk.
277,Logistic Regression,CUST_00277,67,Male,Employed,41147.2492,8410.6717,7084.9301,3,12,18,4,0,1,0.5895,0.5,0.0895,false_positive,Good borrower could be wrongly flagged as high risk.
4887,Logistic Regression,CUST_04887,25,Other,Employed,48816.879,8271.6054,9590.3763,2,10,16,8,1,0,0.3653,0.5,0.1347,false_negative,High-risk borrower could be missed by the model.
3225,Logistic Regression,CUST_03225,46,Female,Self-Employed,58105.7389,4476.3281,6941.4517,4,18,18,9,1,1,0.7162,0.5,0.2162,true_positive,High-risk borrower correctly flagged.
1884,Logistic Regression,CUST_01884,39,Other,Unemployed,26231.5736,7733.0518,5061.1894,1,70,14,3,0,0,0.2105,0.5,0.2895,true_negative,Good borrower correctly not flagged.
4982,Logistic Regression,CUST_04982,36,Female,Employed,48900.4965,11720.2538,6981.5972,1,20,13,2,1,0,0.2515,0.5,0.2485,false_negative,High-risk borrower could be missed by the model.
2032,Logistic Regression,CUST_02032,42,Other,Employed,57746.2071,3594.822,22157.2006,6,18,18,5,1,1,0.9317,0.5,0.4317,true_positive,High-risk borrower correctly flagged.
28,Logistic Regression,CUST_00028,44,Other,Employed,19743.8885,4638.902,5315.6284,5,34,10,1,1,1,0.8518,0.5,0.3518,true_positive,High-risk borrower correctly flagged.
4728,Logistic Regression,CUST_04728,24,Female,Self-Employed,41475.5722,13814.5564,0.0,7,43,16,4,1,1,0.9807,0.5,0.4807,true_positive,High-risk borrower correctly flagged.
783,Logistic Regression,CUST_00783,68,Female,Unemployed,36930.9687,10480.3854,16912.4409,0,29,15,6,1,0,0.1442,0.5,0.3558,false_negative,High-risk borrower could be missed by the model.
2868,Logistic Regression,CUST_02868,69,Other,Employed,59099.1396,8562.3445,17020.5594,2,58,5,3,1,0,0.4027,0.5,0.0973,false_negative,High-risk borrower could be missed by the model.
4893,Logistic Regression,CUST_04893,52,Other,Self-Employed,56358.0152,5720.9251,9642.1798,1,20,18,7,0,0,0.1964,0.5,0.3036,true_negative,Good borrower correctly not flagged.
2218,Logistic Regression,CUST_02218,57,Female,Self-Employed,43058.6283,500.0,11056.6279,6,45,14,1,1,1,0.9262,0.5,0.4262,true_positive,High-risk borrower correctly flagged.
2583,Logistic Regression,CUST_02583,45,Female,Unemployed,58338.0402,10440.4085,10804.1344,1,76,19,8,0,0,0.2813,0.5,0.2187,true_negative,Good borrower correctly not flagged.
2207,Logistic Regression,CUST_02207,64,Female,Self-Employed,37454.4317,11936.388,19188.7361,1,50,15,5,1,0,0.2343,0.5,0.2657,false_negative,High-risk borrower could be missed by the model.
4303,Logistic Regression,CUST_04303,57,Male,Unemployed,73903.2706,3207.0204,7962.0629,6,64,11,8,1,1,0.9435,0.5,0.4435,true_positive,High-risk borrower correctly flagged.
2296,Logistic Regression,CUST_02296,48,Male,Unemployed,42227.1941,625.3386,10389.8383,6,52,17,0,1,1,0.9287,0.5,0.4287,true_positive,High-risk borrower correctly flagged.
3870,Logistic Regression,CUST_03870,69,Male,Unemployed,51178.7275,13138.5934,0.0,7,40,3,2,1,1,0.9758,0.5,0.4758,true_positive,High-risk borrower correctly flagged.
69,Logistic Regression,CUST_00069,48,Male,Unemployed,37602.9652,2470.3501,17960.0567,3,14,1,1,0,1,0.5815,0.5,0.0815,false_positive,Good borrower could be wrongly flagged as high risk.
33,Logistic Regression,CUST_00033,35,Other,Unemployed,91602.6621,9789.8579,13536.5757,3,58,0,3,1,1,0.6041,0.5,0.1041,true_positive,High-risk borrower correctly flagged.
564,Logistic Regression,CUST_00564,23,Male,Unemployed,51943.7393,2089.3716,4698.6064,5,41,1,1,1,1,0.8577,0.5,0.3577,true_positive,High-risk borrower correctly flagged.
1380,Logistic Regression,CUST_01380,24,Other,Self-Employed,59673.7866,15122.9119,20665.4501,6,72,11,2,1,1,0.9477,0.5,0.4477,true_positive,High-risk borrower correctly flagged.
526,Logistic Regression,CUST_00526,51,Other,Employed,63434.8955,10217.5823,5801.1261,6,68,11,6,1,1,0.943,0.5,0.443,true_positive,High-risk borrower correctly flagged.
4029,Logistic Regression,CUST_04029,33,Female,Unemployed,19948.5149,7561.1825,27968.9481,7,2,7,7,1,1,0.979,0.5,0.479,true_positive,High-risk borrower correctly flagged.
2314,Logistic Regression,CUST_02314,28,Female,Employed,67707.2392,4814.3824,21656.0807,0,64,9,1,1,0,0.0863,0.5,0.4137,false_negative,High-risk borrower could be missed by the model.
3738,Logistic Regression,CUST_03738,27,Male,Unemployed,54529.712,5526.279,6619.0403,5,60,17,2,1,1,0.8739,0.5,0.3739,true_positive,High-risk borrower correctly flagged.
4664,Logistic Regression,CUST_04664,41,Other,Unemployed,63236.0742,4557.5313,7702.5832,3,31,11,2,0,1,0.5442,0.5,0.0442,false_positive,Good borrower could be wrongly flagged as high risk.
990,Logistic Regression,CUST_00990,38,Other,Self-Employed,66877.0672,10867.889,1588.8102,6,77,10,8,1,1,0.9395,0.5,0.4395,true_positive,High-risk borrower correctly flagged.
3713,Logistic Regression,CUST_03713,53,Other,Employed,59992.5346,12376.8474,18037.146,3,4,19,8,1,1,0.6474,0.5,0.1474,true_positive,High-risk borrower correctly flagged.
1179,Logistic Regression,CUST_01179,31,Male,Self-Employed,98383.5724,500.0,10173.3301,6,35,13,2,1,1,0.9097,0.5,0.4097,true_positive,High-risk borrower correctly flagged.
2647,Logistic Regression,CUST_02647,44,Female,Unemployed,88838.8575,7305.4994,5688.0273,6,20,7,5,1,1,0.9483,0.5,0.4483,true_positive,High-risk borrower correctly flagged.
2692,Logistic Regression,CUST_02692,23,Male,Unemployed,22405.772,6364.0394,14254.0677,6,40,13,5,1,1,0.9295,0.5,0.4295,true_positive,High-risk borrower correctly flagged.
810,Logistic Regression,CUST_00810,65,Female,Self-Employed,19638.3602,13356.0915,4521.872,3,22,16,2,0,1,0.6157,0.5,0.1157,false_positive,Good borrower could be wrongly flagged as high risk.
4641,Logistic Regression,CUST_04641,59,Male,Self-Employed,33324.6116,7426.02,20613.439,1,49,12,0,0,0,0.2192,0.5,0.2808,true_negative,Good borrower correctly not flagged.
2741,Logistic Regression,CUST_02741,40,Female,Self-Employed,65406.0795,10256.0938,15338.2935,3,75,12,3,1,1,0.5663,0.5,0.0663,true_positive,High-risk borrower correctly flagged.
4662,Logistic Regression,CUST_04662,42,Male,Self-Employed,42893.9914,3940.2716,1355.6006,3,79,8,0,1,0,0.4709,0.5,0.0291,false_negative,High-risk borrower could be missed by the model.
3941,Logistic Regression,CUST_03941,24,Male,Employed,65765.0719,11831.9554,12887.3014,7,5,8,2,1,1,0.9701,0.5,0.4701,true_positive,High-risk borrower correctly flagged.
2363,Logistic Regression,CUST_02363,65,Female,Unemployed,67445.658,7367.3265,19820.8665,0,20,15,1,0,0,0.1081,0.5,0.3919,true_negative,Good borrower correctly not flagged.
201,Logistic Regression,CUST_00201,51,Other,Employed,45515.4936,12722.27,3944.0151,3,76,6,8,1,1,0.5753,0.5,0.0753,true_positive,High-risk borrower correctly flagged.
3282,Logistic Regression,CUST_03282,20,Female,Self-Employed,22586.8195,4817.6574,12364.7135,3,68,12,0,1,1,0.647,0.5,0.147,true_positive,High-risk borrower correctly flagged.
3255,Logistic Regression,CUST_03255,56,Female,Self-Employed,80673.9894,8924.7409,17167.3338,5,23,5,0,1,1,0.885,0.5,0.385,true_positive,High-risk borrower correctly flagged.
816,Logistic Regression,CUST_00816,68,Female,Unemployed,27859.4586,500.0,8800.5287,0,5,17,6,0,0,0.1051,0.5,0.3949,true_negative,Good borrower correctly not flagged.
4935,Logistic Regression,CUST_04935,47,Other,Employed,40051.1349,11056.6943,9422.8211,7,5,12,9,1,1,0.9793,0.5,0.4793,true_positive,High-risk borrower correctly flagged.
957,Logistic Regression,CUST_00957,54,Male,Unemployed,53327.1158,7935.5391,8945.0198,7,43,4,8,1,1,0.9784,0.5,0.4784,true_positive,High-risk borrower correctly flagged.
468,Logistic Regression,CUST_00468,66,Male,Self-Employed,55598.2713,11929.7894,1922.6134,4,20,16,4,1,1,0.7607,0.5,0.2607,true_positive,High-risk borrower correctly flagged.
751,Logistic Regression,CUST_00751,52,Female,Unemployed,69533.2013,4854.8853,24239.4846,4,50,13,7,1,1,0.7799,0.5,0.2799,true_positive,High-risk borrower correctly flagged.
1762,Logistic Regression,CUST_01762,64,Female,Unemployed,64179.4197,500.0,6001.7769,7,43,0,4,1,1,0.9771,0.5,0.4771,true_positive,High-risk borrower correctly flagged.
4686,Logistic Regression,CUST_04686,24,Female,Self-Employed,60625.8792,4944.3201,19563.5391,1,21,19,1,1,0,0.195,0.5,0.305,false_negative,High-risk borrower could be missed by the model.
1216,Logistic Regression,CUST_01216,23,Other,Employed,53062.016,10182.0207,16631.6581,5,68,17,5,1,1,0.8989,0.5,0.3989,true_positive,High-risk borrower correctly flagged.
447,Logistic Regression,CUST_00447,49,Other,Self-Employed,15978.0835,9781.3048,19356.0615,4,31,18,8,1,1,0.7578,0.5,0.2578,true_positive,High-risk borrower correctly flagged.
1004,Logistic Regression,CUST_01004,25,Female,Unemployed,50698.562,15733.0273,13554.1297,6,37,13,3,1,1,0.9472,0.5,0.4472,true_positive,High-risk borrower correctly flagged.
166,Logistic Regression,CUST_00166,51,Male,Unemployed,36882.8709,6874.0088,8294.4427,2,3,13,8,0,0,0.3808,0.5,0.1192,true_negative,Good borrower correctly not flagged.
3733,Logistic Regression,CUST_03733,30,Female,Self-Employed,21590.7732,9087.3525,10342.7923,7,59,19,5,1,1,0.9751,0.5,0.4751,true_positive,High-risk borrower correctly flagged.
1721,Logistic Regression,CUST_01721,53,Other,Self-Employed,18970.6961,3818.8359,102.044,3,40,7,7,0,1,0.5051,0.5,0.0051,false_positive,Good borrower could be wrongly flagged as high risk.
3318,Logistic Regression,CUST_03318,53,Other,Unemployed,43380.4639,13981.564,26707.9596,0,41,11,0,1,0,0.127,0.5,0.373,false_negative,High-risk borrower could be missed by the model.
800,Logistic Regression,CUST_00800,42,Female,Unemployed,36669.852,12669.6649,3969.3817,0,79,15,1,0,0,0.1266,0.5,0.3734,true_negative,Good borrower correctly not flagged.
1,Logistic Regression,CUST_00001,48,Male,Self-Employed,26174.9228,14819.4365,11263.0993,2,9,1,2,1,0,0.3859,0.5,0.1141,false_negative,High-risk borrower could be missed by the model.
1240,Logistic Regression,CUST_01240,20,Male,Employed,28472.8219,612.1071,17360.7805,6,63,11,7,1,1,0.9383,0.5,0.4383,true_positive,High-risk borrower correctly flagged.
2845,Logistic Regression,CUST_02845,55,Male,Unemployed,52998.6304,13056.1077,15382.0891,3,45,16,5,1,1,0.6041,0.5,0.1041,true_positive,High-risk borrower correctly flagged.
3550,Logistic Regression,CUST_03550,64,Other,Unemployed,14127.1463,4765.6335,18542.293,7,71,5,5,1,1,0.9707,0.5,0.4707,true_positive,High-risk borrower correctly flagged.
480,Logistic Regression,CUST_00480,48,Male,Self-Employed,39056.1207,4651.7758,4144.8806,1,61,10,3,1,0,0.1894,0.5,0.3106,false_negative,High-risk borrower could be missed by the model.
2918,Logistic Regression,CUST_02918,63,Male,Unemployed,89268.2435,500.0,17353.5534,6,68,18,6,1,1,0.9459,0.5,0.4459,true_positive,High-risk borrower correctly flagged.
3114,Logistic Regression,CUST_03114,29,Male,Employed,41047.2653,10305.4962,15771.7254,1,30,18,2,1,0,0.2244,0.5,0.2756,false_negative,High-risk borrower could be missed by the model.
1722,Logistic Regression,CUST_01722,43,Female,Self-Employed,49614.773,8159.5446,8197.9039,4,13,4,2,1,1,0.7397,0.5,0.2397,true_positive,High-risk borrower correctly flagged.
1222,Logistic Regression,CUST_01222,47,Male,Unemployed,43451.1369,12925.9244,16943.6182,5,19,15,0,1,1,0.8637,0.5,0.3637,true_positive,High-risk borrower correctly flagged.
4931,Logistic Regression,CUST_04931,48,Male,Employed,52709.4177,10876.8295,8557.1141,7,79,2,3,1,1,0.9726,0.5,0.4726,true_positive,High-risk borrower correctly flagged.
4426,Logistic Regression,CUST_04426,39,Male,Employed,65833.3273,8999.0802,5435.0773,1,27,15,3,0,0,0.1889,0.5,0.3111,true_negative,Good borrower correctly not flagged.
4521,Logistic Regression,CUST_04521,50,Female,Employed,54144.9016,8120.7887,16973.4483,7,53,0,7,1,1,0.9745,0.5,0.4745,true_positive,High-risk borrower correctly flagged.
2623,Logistic Regression,CUST_02623,37,Female,Employed,15116.4582,3230.6099,23926.1087,6,46,19,9,1,1,0.9639,0.5,0.4639,true_positive,High-risk borrower correctly flagged.
1594,Logistic Regression,CUST_01594,41,Female,Employed,41639.5051,6588.959,4149.2991,6,78,9,8,1,1,0.9482,0.5,0.4482,true_positive,High-risk borrower correctly flagged.
3032,Logistic Regression,CUST_03032,68,Other,Employed,30699.7528,14966.4005,15066.5046,5,12,5,5,1,1,0.8836,0.5,0.3836,true_positive,High-risk borrower correctly flagged.
2244,Logistic Regression,CUST_02244,20,Male,Unemployed,74494.1544,9733.6851,7015.2637,4,5,6,8,1,1,0.7177,0.5,0.2177,true_positive,High-risk borrower correctly flagged.
568,Logistic Regression,CUST_00568,48,Other,Employed,29026.3948,2309.5042,15401.2793,6,16,11,0,1,1,0.9358,0.5,0.4358,true_positive,High-risk borrower correctly flagged.
2704,Logistic Regression,CUST_02704,56,Female,Self-Employed,66301.6263,7237.2771,17844.5154,6,42,13,1,1,1,0.9381,0.5,0.4381,true_positive,High-risk borrower correctly flagged.
2423,Logistic Regression,CUST_02423,69,Male,Self-Employed,56551.4841,5692.6298,13181.9708,4,52,10,1,1,1,0.7066,0.5,0.2066,true_positive,High-risk borrower correctly flagged.
3150,Logistic Regression,CUST_03150,33,Other,Self-Employed,41204.2029,11163.7022,10745.1967,7,15,5,3,1,1,0.9715,0.5,0.4715,true_positive,High-risk borrower correctly flagged.
960,Logistic Regression,CUST_00960,56,Other,Self-Employed,40445.5914,13994.1712,10888.1586,7,64,13,7,1,1,0.9732,0.5,0.4732,true_positive,High-risk borrower correctly flagged.
2250,Logistic Regression,CUST_02250,24,Male,Unemployed,27627.1998,13122.0349,6411.3287,3,54,16,5,1,1,0.5636,0.5,0.0636,true_positive,High-risk borrower correctly flagged.
3163,Logistic Regression,CUST_03163,40,Other,Self-Employed,52255.1383,8007.2333,10500.9175,2,41,12,3,1,0,0.3485,0.5,0.1515,false_negative,High-risk borrower could be missed by the model.
1105,Logistic Regression,CUST_01105,54,Other,Self-Employed,64287.6466,500.0,13267.1303,0,31,4,0,1,0,0.0736,0.5,0.4264,false_negative,High-risk borrower could be missed by the model.
4941,Logistic Regression,CUST_04941,66,Male,Employed,60034.208,10481.3412,36.5894,2,17,18,0,1,0,0.3524,0.5,0.1476,false_negative,High-risk borrower could be missed by the model.
4553,Logistic Regression,CUST_04553,66,Other,Self-Employed,28443.2515,4644.2391,7336.0732,0,23,10,5,1,0,0.0875,0.5,0.4125,false_negative,High-risk borrower could be missed by the model.
686,Logistic Regression,CUST_00686,69,Female,Employed,71533.3558,13155.5002,23716.9397,7,72,11,8,1,1,0.9807,0.5,0.4807,true_positive,High-risk borrower correctly flagged.
460,Logistic Regression,CUST_00460,45,Female,Employed,26850.4961,11226.5121,13477.0755,2,39,18,8,1,0,0.4153,0.5,0.0847,false_negative,High-risk borrower could be missed by the model.
4063,Logistic Regression,CUST_04063,53,Female,Unemployed,37431.9998,9941.3601,20780.6987,0,63,14,9,1,0,0.1543,0.5,0.3457,false_negative,High-risk borrower could be missed by the model.
3418,Logistic Regression,CUST_03418,39,Male,Self-Employed,76512.2584,6461.6627,5302.4133,3,18,18,9,1,1,0.565,0.5,0.065,true_positive,High-risk borrower correctly flagged.
3995,Logistic Regression,CUST_03995,60,Female,Employed,49768.9491,4731.6553,14407.269,2,11,11,2,0,0,0.4109,0.5,0.0891,true_negative,Good borrower correctly not flagged.
1813,Logistic Regression,CUST_01813,34,Male,Unemployed,46672.6935,2414.1647,14407.4383,3,5,1,5,0,1,0.533,0.5,0.033,false_positive,Good borrower could be wrongly flagged as high risk.
4188,Logistic Regression,CUST_04188,48,Male,Employed,63668.759,5180.4215,16515.4431,0,28,15,6,0,0,0.1042,0.5,0.3958,true_negative,Good borrower correctly not flagged.
1791,Logistic Regression,CUST_01791,32,Female,Unemployed,45954.3383,9836.2508,12559.9215,5,8,18,8,1,1,0.8859,0.5,0.3859,true_positive,High-risk borrower correctly flagged.
3166,Logistic Regression,CUST_03166,52,Male,Employed,77925.8798,7594.426,0.0,7,45,4,3,1,1,0.9821,0.5,0.4821,true_positive,High-risk borrower correctly flagged.
68,Logistic Regression,CUST_00068,23,Other,Self-Employed,48399.5734,14846.5572,17375.2724,2,20,12,2,0,0,0.3614,0.5,0.1386,true_negative,Good borrower correctly not flagged.
4438,Logistic Regression,CUST_04438,48,Female,Self-Employed,46904.4643,7917.3325,7019.4254,2,7,10,8,0,0,0.3846,0.5,0.1154,true_negative,Good borrower correctly not flagged.
2786,Logistic Regression,CUST_02786,63,Female,Employed,52259.815,3509.3906,15713.0876,3,40,11,1,0,1,0.5938,0.5,0.0938,false_positive,Good borrower could be wrongly flagged as high risk.
1015,Logistic Regression,CUST_01015,59,Male,Employed,55546.2944,8765.4905,17159.848,2,63,11,0,1,0,0.3419,0.5,0.1581,false_negative,High-risk borrower could be missed by the model.
4817,Logistic Regression,CUST_04817,51,Male,Employed,10000.0,500.0,14265.2825,0,54,13,1,1,0,0.1069,0.5,0.3931,false_negative,High-risk borrower could be missed by the model.
1312,Logistic Regression,CUST_01312,47,Other,Unemployed,34782.2207,4633.6345,9263.8975,5,52,3,9,1,1,0.8649,0.5,0.3649,true_positive,High-risk borrower correctly flagged.
3755,Logistic Regression,CUST_03755,23,Other,Self-Employed,24591.6377,10713.6405,18666.1913,0,31,1,8,0,0,0.1155,0.5,0.3845,true_negative,Good borrower correctly not flagged.
3872,Logistic Regression,CUST_03872,33,Male,Employed,30747.9217,9680.8716,14034.2946,6,36,17,1,1,1,0.9401,0.5,0.4401,true_positive,High-risk borrower correctly flagged.
4779,Logistic Regression,CUST_04779,60,Other,Self-Employed,51364.1964,15086.4199,1689.6152,0,72,2,8,1,0,0.111,0.5,0.389,false_negative,High-risk borrower could be missed by the model.
443,Logistic Regression,CUST_00443,23,Female,Self-Employed,111166.2917,7717.6008,13225.5396,0,1,11,8,1,0,0.1185,0.5,0.3815,false_negative,High-risk borrower could be missed by the model.
3628,Logistic Regression,CUST_03628,52,Female,Self-Employed,54258.2401,7984.2708,17072.8475,6,38,19,4,1,1,0.9544,0.5,0.4544,true_positive,High-risk borrower correctly flagged.
3912,Logistic Regression,CUST_03912,31,Female,Self-Employed,18795.7359,14251.6509,13108.1032,6,77,9,3,1,1,0.9483,0.5,0.4483,true_positive,High-risk borrower correctly flagged.
2342,Logistic Regression,CUST_02342,62,Other,Unemployed,54300.4383,5299.9129,10215.6413,4,49,16,9,1,1,0.7515,0.5,0.2515,true_positive,High-risk borrower correctly flagged.
3946,Logistic Regression,CUST_03946,21,Female,Self-Employed,62857.1116,8865.4594,11799.792,5,79,8,1,1,1,0.8642,0.5,0.3642,true_positive,High-risk borrower correctly flagged.
3073,Logistic Regression,CUST_03073,45,Other,Unemployed,28719.5648,10288.1919,11900.4409,1,20,3,8,1,0,0.2062,0.5,0.2938,false_negative,High-risk borrower could be missed by the model.
4232,Logistic Regression,CUST_04232,44,Male,Employed,64398.3971,10960.2657,20768.9125,4,74,5,0,1,1,0.7398,0.5,0.2398,true_positive,High-risk borrower correctly flagged.
3098,Logistic Regression,CUST_03098,39,Female,Unemployed,45654.443,12897.3505,0.0,4,0,7,9,1,1,0.8307,0.5,0.3307,true_positive,High-risk borrower correctly flagged.
2094,Logistic Regression,CUST_02094,34,Other,Employed,36347.0422,11172.9568,19483.8736,3,19,11,5,1,1,0.6036,0.5,0.1036,true_positive,High-risk borrower correctly flagged.
1706,Logistic Regression,CUST_01706,22,Other,Employed,39839.8382,13631.0978,17271.7266,7,34,1,8,1,1,0.9746,0.5,0.4746,true_positive,High-risk borrower correctly flagged.
2958,Logistic Regression,CUST_02958,21,Male,Employed,57718.7781,2685.5284,19850.7049,7,6,1,7,1,1,0.9763,0.5,0.4763,true_positive,High-risk borrower correctly flagged.
1629,Logistic Regression,CUST_01629,20,Female,Self-Employed,77668.4806,7042.8237,13470.8892,7,66,4,2,1,1,0.9739,0.5,0.4739,true_positive,High-risk borrower correctly flagged.
45,Logistic Regression,CUST_00045,44,Other,Self-Employed,28709.321,4454.6422,19654.8051,5,66,6,0,1,1,0.8463,0.5,0.3463,true_positive,High-risk borrower correctly flagged.
216,Logistic Regression,CUST_00216,21,Female,Self-Employed,49537.0946,8086.0292,17702.9666,4,60,12,6,1,1,0.7995,0.5,0.2995,true_positive,High-risk borrower correctly flagged.
3784,Logistic Regression,CUST_03784,67,Other,Self-Employed,74474.9322,3056.0313,16762.4367,2,12,3,8,1,0,0.3314,0.5,0.1686,false_negative,High-risk borrower could be missed by the model.
2748,Logistic Regression,CUST_02748,54,Other,Unemployed,48155.374,6556.4796,13022.9747,2,60,18,3,0,0,0.364,0.5,0.136,true_negative,Good borrower correctly not flagged.
191,Logistic Regression,CUST_00191,25,Female,Employed,50994.6098,10275.8198,13782.5629,6,13,2,2,1,1,0.9395,0.5,0.4395,true_positive,High-risk borrower correctly flagged.
2494,Logistic Regression,CUST_02494,23,Other,Self-Employed,47205.1525,6707.5474,18672.6438,4,38,6,3,1,1,0.7291,0.5,0.2291,true_positive,High-risk borrower correctly flagged.
2653,Logistic Regression,CUST_02653,51,Male,Employed,91037.2187,2428.7174,16009.1586,5,25,6,5,1,1,0.8497,0.5,0.3497,true_positive,High-risk borrower correctly flagged.
3076,Logistic Regression,CUST_03076,56,Female,Self-Employed,81179.3224,13623.1686,11568.3286,6,79,18,1,1,1,0.9498,0.5,0.4498,true_positive,High-risk borrower correctly flagged.
4410,Logistic Regression,CUST_04410,63,Female,Employed,58625.5497,6906.1898,12298.9476,1,13,17,1,1,0,0.2312,0.5,0.2688,false_negative,High-risk borrower could be missed by the model.
1437,Logistic Regression,CUST_01437,56,Other,Self-Employed,56665.5643,11110.4271,22610.4975,2,38,12,4,1,0,0.4084,0.5,0.0916,false_negative,High-risk borrower could be missed by the model.
362,Logistic Regression,CUST_00362,54,Female,Employed,35452.6042,6773.4482,1313.7654,0,4,4,9,1,0,0.1045,0.5,0.3955,false_negative,High-risk borrower could be missed by the model.
1696,Logistic Regression,CUST_01696,32,Female,Self-Employed,58117.5106,10070.396,15111.9674,1,58,6,6,0,0,0.2613,0.5,0.2387,true_negative,Good borrower correctly not flagged.
1376,Logistic Regression,CUST_01376,37,Other,Employed,41040.6147,6882.5162,16834.7489,7,69,0,6,1,1,0.972,0.5,0.472,true_positive,High-risk borrower correctly flagged.
2046,Logistic Regression,CUST_02046,25,Female,Self-Employed,32772.5406,9534.4814,0.0,3,32,2,6,0,1,0.6695,0.5,0.1695,false_positive,Good borrower could be wrongly flagged as high risk.
1567,Logistic Regression,CUST_01567,50,Male,Employed,46314.3819,9796.8347,14810.1835,2,58,9,2,0,0,0.3706,0.5,0.1294,true_negative,Good borrower correctly not flagged.
4894,Logistic Regression,CUST_04894,56,Male,Self-Employed,56651.2361,6375.2298,16066.0771,4,21,6,2,1,1,0.7092,0.5,0.2092,true_positive,High-risk borrower correctly flagged.
230,Logistic Regression,CUST_00230,51,Female,Employed,76720.2637,2046.3045,8114.6825,0,45,6,8,0,0,0.1109,0.5,0.3891,true_negative,Good borrower correctly not flagged.
1344,Logistic Regression,CUST_01344,22,Other,Employed,64519.5761,6145.8189,13548.0358,5,41,7,8,1,1,0.8776,0.5,0.3776,true_positive,High-risk borrower correctly flagged.
1957,Logistic Regression,CUST_01957,30,Male,Self-Employed,49149.1332,13218.1133,8549.4969,2,56,9,1,1,0,0.3957,0.5,0.1043,false_negative,High-risk borrower could be missed by the model.
2586,Logistic Regression,CUST_02586,25,Female,Employed,47436.4268,1564.7512,15047.1439,5,60,0,1,1,1,0.8541,0.5,0.3541,true_positive,High-risk borrower correctly flagged.
4117,Logistic Regression,CUST_04117,37,Female,Employed,52041.4736,500.0,29049.1201,3,40,19,3,1,1,0.562,0.5,0.062,true_positive,High-risk borrower correctly flagged.
4839,Logistic Regression,CUST_04839,36,Male,Unemployed,81395.7768,8590.7289,15523.4993,3,8,1,1,1,1,0.529,0.5,0.029,true_positive,High-risk borrower correctly flagged.
988,Logistic Regression,CUST_00988,68,Other,Employed,28984.6558,11752.3671,14125.0114,6,10,5,4,1,1,0.9311,0.5,0.4311,true_positive,High-risk borrower correctly flagged.
1588,Logistic Regression,CUST_01588,63,Female,Employed,65893.7517,9636.0953,17548.7754,0,66,8,9,1,0,0.1389,0.5,0.3611,false_negative,High-risk borrower could be missed by the model.
2630,Logistic Regression,CUST_02630,50,Other,Unemployed,55985.7486,2520.73,12838.9314,5,58,1,4,1,1,0.8471,0.5,0.3471,true_positive,High-risk borrower correctly flagged.
3765,Logistic Regression,CUST_03765,49,Male,Employed,47122.5584,2970.9287,4202.2628,4,17,15,5,1,1,0.7359,0.5,0.2359,true_positive,High-risk borrower correctly flagged.
2663,Logistic Regression,CUST_02663,48,Female,Employed,38183.7394,18127.7835,9518.1224,7,20,5,4,1,1,0.9759,0.5,0.4759,true_positive,High-risk borrower correctly flagged.
2437,Logistic Regression,CUST_02437,66,Female,Employed,84852.988,7225.5012,12008.6373,3,12,18,8,1,1,0.5837,0.5,0.0837,true_positive,High-risk borrower correctly flagged.
891,Logistic Regression,CUST_00891,22,Female,Self-Employed,29410.0289,9391.6032,22103.2125,3,58,11,4,0,1,0.6537,0.5,0.1537,false_positive,Good borrower could be wrongly flagged as high risk.
1434,Logistic Regression,CUST_01434,57,Other,Self-Employed,26927.6788,7863.6592,21594.0821,6,59,15,5,1,1,0.9353,0.5,0.4353,true_positive,High-risk borrower correctly flagged.
492,Logistic Regression,CUST_00492,68,Other,Self-Employed,64088.6709,12384.8656,8497.3913,0,24,0,0,0,0,0.1112,0.5,0.3888,true_negative,Good borrower correctly not flagged.
1079,Logistic Regression,CUST_01079,43,Female,Self-Employed,41721.8388,9126.163,23883.6239,6,36,5,4,1,1,0.9447,0.5,0.4447,true_positive,High-risk borrower correctly flagged.
3503,Logistic Regression,CUST_03503,65,Female,Self-Employed,36778.3913,13418.9262,9516.8726,7,76,7,9,1,1,0.977,0.5,0.477,true_positive,High-risk borrower correctly flagged.
3833,Logistic Regression,CUST_03833,56,Male,Unemployed,65208.7156,8577.0314,9224.3655,6,60,1,3,1,1,0.9373,0.5,0.4373,true_positive,High-risk borrower correctly flagged.
594,Logistic Regression,CUST_00594,44,Male,Employed,57979.2367,7052.3564,12502.4617,4,51,17,7,1,1,0.7703,0.5,0.2703,true_positive,High-risk borrower correctly flagged.
3455,Logistic Regression,CUST_03455,60,Male,Self-Employed,55563.5051,500.0,12134.8367,1,40,4,0,0,0,0.1663,0.5,0.3337,true_negative,Good borrower correctly not flagged.
1924,Logistic Regression,CUST_01924,33,Male,Unemployed,58645.8387,12170.1474,17073.6864,3,67,14,3,1,1,0.6329,0.5,0.1329,true_positive,High-risk borrower correctly flagged.
2596,Logistic Regression,CUST_02596,68,Male,Self-Employed,28820.0272,500.0,16967.4667,7,46,2,3,1,1,0.9627,0.5,0.4627,true_positive,High-risk borrower correctly flagged.
4714,Logistic Regression,CUST_04714,43,Other,Self-Employed,92095.7169,3702.1269,0.0,1,54,4,8,1,0,0.2841,0.5,0.2159,false_negative,High-risk borrower could be missed by the model.
4251,Logistic Regression,CUST_04251,45,Male,Unemployed,33811.389,6523.4266,11308.2908,1,27,15,5,0,0,0.2305,0.5,0.2695,true_negative,Good borrower correctly not flagged.
4201,Logistic Regression,CUST_04201,47,Male,Unemployed,84115.8304,12805.8286,5811.043,0,1,17,4,0,0,0.122,0.5,0.378,true_negative,Good borrower correctly not flagged.
2051,Logistic Regression,CUST_02051,51,Female,Self-Employed,35212.746,11859.2078,2423.1721,0,20,18,0,1,0,0.0996,0.5,0.4004,false_negative,High-risk borrower could be missed by the model.
4247,Logistic Regression,CUST_04247,42,Male,Self-Employed,77029.4231,7538.2973,23376.9058,0,56,8,9,0,0,0.1126,0.5,0.3874,true_negative,Good borrower correctly not flagged.
1740,Logistic Regression,CUST_01740,64,Male,Unemployed,71985.6247,2277.756,14769.9159,7,31,9,9,1,1,0.9749,0.5,0.4749,true_positive,High-risk borrower correctly flagged.
4823,Logistic Regression,CUST_04823,69,Other,Unemployed,43126.0044,3479.6415,3448.6383,0,4,3,8,0,0,0.0889,0.5,0.4111,true_negative,Good borrower correctly not flagged.
3840,Logistic Regression,CUST_03840,66,Male,Employed,41172.7963,5699.1122,13715.3035,2,40,18,7,1,0,0.3792,0.5,0.1208,false_negative,High-risk borrower could be missed by the model.
4590,Logistic Regression,CUST_04590,59,Female,Self-Employed,54615.1921,11265.5598,16769.9939,2,69,11,4,0,0,0.4129,0.5,0.0871,true_negative,Good borrower correctly not flagged.
4638,Logistic Regression,CUST_04638,25,Male,Employed,21295.1767,8219.171,11258.7508,7,35,12,9,1,1,0.9761,0.5,0.4761,true_positive,High-risk borrower correctly flagged.
2146,Logistic Regression,CUST_02146,60,Other,Self-Employed,38000.776,3038.8421,23421.568,2,46,0,8,0,0,0.3637,0.5,0.1363,true_negative,Good borrower correctly not flagged.
4834,Logistic Regression,CUST_04834,28,Female,Employed,53271.8401,15320.2575,14019.2061,3,21,8,5,0,1,0.632,0.5,0.132,false_positive,Good borrower could be wrongly flagged as high risk.
1086,Logistic Regression,CUST_01086,63,Female,Employed,35722.9929,3405.9741,7195.9198,2,7,18,7,1,0,0.3923,0.5,0.1077,false_negative,High-risk borrower could be missed by the model.
2151,Logistic Regression,CUST_02151,62,Female,Unemployed,85862.5819,6498.8682,15197.1156,7,29,2,1,1,1,0.9739,0.5,0.4739,true_positive,High-risk borrower correctly flagged.
156,Logistic Regression,CUST_00156,49,Other,Self-Employed,55313.4751,14243.7226,19416.2413,7,1,4,4,1,1,0.9762,0.5,0.4762,true_positive,High-risk borrower correctly flagged.
4994,Logistic Regression,CUST_04994,32,Other,Unemployed,50348.6119,14656.9597,16285.237,7,1,11,6,1,1,0.9733,0.5,0.4733,true_positive,High-risk borrower correctly flagged.
1672,Logistic Regression,CUST_01672,45,Other,Self-Employed,64482.4334,16709.2272,6507.9047,6,72,9,1,1,1,0.95,0.5,0.45,true_positive,High-risk borrower correctly flagged.
4159,Logistic Regression,CUST_04159,55,Male,Employed,72770.2562,500.0,8510.2011,1,66,17,3,1,0,0.1646,0.5,0.3354,false_negative,High-risk borrower could be missed by the model.
3557,Logistic Regression,CUST_03557,64,Female,Employed,48507.8002,8317.0606,12753.8094,5,71,17,5,1,1,0.8906,0.5,0.3906,true_positive,High-risk borrower correctly flagged.
3481,Logistic Regression,CUST_03481,67,Female,Self-Employed,58126.7927,500.0,16093.682,7,42,1,2,1,1,0.9693,0.5,0.4693,true_positive,High-risk borrower correctly flagged.
4633,Logistic Regression,CUST_04633,53,Other,Unemployed,31852.8054,7481.1013,13394.6031,3,45,16,7,0,1,0.5667,0.5,0.0667,false_positive,Good borrower could be wrongly flagged as high risk.
2599,Logistic Regression,CUST_02599,37,Other,Self-Employed,28279.705,11179.0823,17441.5312,1,34,8,7,0,0,0.205,0.5,0.295,true_negative,Good borrower correctly not flagged.
4545,Logistic Regression,CUST_04545,69,Other,Self-Employed,45225.3239,2587.0882,9600.1817,1,77,9,1,0,0,0.1686,0.5,0.3314,true_negative,Good borrower correctly not flagged.
2150,Logistic Regression,CUST_02150,27,Other,Self-Employed,37473.1448,13840.7631,429.6779,1,23,1,2,1,0,0.205,0.5,0.295,false_negative,High-risk borrower could be missed by the model.
4307,Logistic Regression,CUST_04307,51,Other,Employed,43602.5425,6550.1622,19745.9587,3,76,12,8,1,1,0.596,0.5,0.096,true_positive,High-risk borrower correctly flagged.
3444,Logistic Regression,CUST_03444,57,Other,Self-Employed,37057.3953,10934.3034,20841.2296,4,71,18,4,1,1,0.7989,0.5,0.2989,true_positive,High-risk borrower correctly flagged.
3286,Logistic Regression,CUST_03286,67,Other,Unemployed,30115.9841,6504.0987,11159.6179,4,73,10,2,1,1,0.7502,0.5,0.2502,true_positive,High-risk borrower correctly flagged.
4717,Logistic Regression,CUST_04717,60,Male,Self-Employed,48250.0119,1531.5596,20611.3366,2,10,9,1,1,0,0.3609,0.5,0.1391,false_negative,High-risk borrower could be missed by the model.
529,Logistic Regression,CUST_00529,43,Male,Self-Employed,72024.9239,10553.8712,18918.8822,3,68,17,9,1,1,0.6431,0.5,0.1431,true_positive,High-risk borrower correctly flagged.
1106,Logistic Regression,CUST_01106,40,Male,Employed,58892.7203,5750.4209,4454.6684,0,54,2,0,1,0,0.0816,0.5,0.4184,false_negative,High-risk borrower could be missed by the model.
4864,Logistic Regression,CUST_04864,30,Female,Unemployed,52815.5964,11810.2321,11860.5528,4,54,19,2,1,1,0.8262,0.5,0.3262,true_positive,High-risk borrower correctly flagged.
2780,Logistic Regression,CUST_02780,42,Female,Employed,43601.1501,11550.3122,19177.6022,2,56,17,5,0,0,0.4538,0.5,0.0462,true_negative,Good borrower correctly not flagged.
1657,Logistic Regression,CUST_01657,43,Other,Self-Employed,54702.7108,10254.4202,22318.9991,3,8,1,5,1,1,0.5833,0.5,0.0833,true_positive,High-risk borrower correctly flagged.
2928,Logistic Regression,CUST_02928,49,Male,Unemployed,87092.4008,535.8893,7324.5123,0,73,14,9,1,0,0.1022,0.5,0.3978,false_negative,High-risk borrower could be missed by the model.
357,Logistic Regression,CUST_00357,47,Male,Self-Employed,42360.886,5671.9884,23192.8108,7,39,6,1,1,1,0.9671,0.5,0.4671,true_positive,High-risk borrower correctly flagged.
3659,Logistic Regression,CUST_03659,46,Male,Unemployed,26996.9021,7693.3435,16740.4414,3,25,9,7,0,1,0.62,0.5,0.12,false_positive,Good borrower could be wrongly flagged as high risk.
2462,Logistic Regression,CUST_02462,40,Other,Unemployed,21342.1339,13661.9573,9459.1595,0,20,3,9,1,0,0.1203,0.5,0.3797,false_negative,High-risk borrower could be missed by the model.
3129,Logistic Regression,CUST_03129,62,Other,Unemployed,42173.1178,8217.567,17565.1273,2,44,16,1,1,0,0.3961,0.5,0.1039,false_negative,High-risk borrower could be missed by the model.
2394,Logistic Regression,CUST_02394,55,Male,Employed,47979.0344,5600.1611,3659.472,7,58,4,5,1,1,0.9755,0.5,0.4755,true_positive,High-risk borrower correctly flagged.
1930,Logistic Regression,CUST_01930,28,Male,Employed,50506.4392,9115.8196,1557.4338,7,4,2,3,1,1,0.9652,0.5,0.4652,true_positive,High-risk borrower correctly flagged.
2943,Logistic Regression,CUST_02943,20,Female,Self-Employed,53003.5745,14743.7279,12284.2242,7,53,10,6,1,1,0.9808,0.5,0.4808,true_positive,High-risk borrower correctly flagged.
242,Logistic Regression,CUST_00242,35,Female,Unemployed,37063.6332,11654.2925,9000.9847,5,62,2,4,1,1,0.8805,0.5,0.3805,true_positive,High-risk borrower correctly flagged.
2744,Logistic Regression,CUST_02744,53,Other,Self-Employed,47072.4028,2970.4386,22832.7712,0,53,19,9,1,0,0.1118,0.5,0.3882,false_negative,High-risk borrower could be missed by the model.
3187,Logistic Regression,CUST_03187,53,Other,Unemployed,51853.9208,15785.5272,9215.9206,2,10,9,4,0,0,0.4517,0.5,0.0483,true_negative,Good borrower correctly not flagged.
1844,Logistic Regression,CUST_01844,30,Female,Employed,76166.0271,13150.4745,0.0,3,51,8,5,1,1,0.7534,0.5,0.2534,true_positive,High-risk borrower correctly flagged.
4651,Logistic Regression,CUST_04651,54,Other,Self-Employed,62093.7737,13494.3292,15692.5732,4,64,18,1,1,1,0.7701,0.5,0.2701,true_positive,High-risk borrower correctly flagged.
17,Logistic Regression,CUST_00017,21,Other,Self-Employed,40316.4522,7138.0651,7894.2206,0,5,19,2,1,0,0.0947,0.5,0.4053,false_negative,High-risk borrower could be missed by the model.
2009,Logistic Regression,CUST_02009,69,Other,Self-Employed,47335.6129,5451.3633,6010.1375,2,56,4,8,1,0,0.3401,0.5,0.1599,false_negative,High-risk borrower could be missed by the model.
4646,Logistic Regression,CUST_04646,35,Female,Unemployed,38363.7522,12077.2534,2303.6034,0,23,1,5,1,0,0.1435,0.5,0.3565,false_negative,High-risk borrower could be missed by the model.
4998,Logistic Regression,CUST_04998,67,Male,Unemployed,42615.0768,10562.0423,15017.8961,7,39,16,4,1,1,0.9757,0.5,0.4757,true_positive,High-risk borrower correctly flagged.
4743,Logistic Regression,CUST_04743,35,Male,Self-Employed,65294.3124,5458.6037,14682.5089,2,49,13,7,1,0,0.4085,0.5,0.0915,false_negative,High-risk borrower could be missed by the model.
4699,Logistic Regression,CUST_04699,66,Female,Employed,45517.0899,12190.9533,11811.7795,5,21,16,5,1,1,0.9141,0.5,0.4141,true_positive,High-risk borrower correctly flagged.
1001,Logistic Regression,CUST_01001,41,Male,Unemployed,52848.1557,1416.5641,11639.7753,0,63,1,4,1,0,0.0874,0.5,0.4126,false_negative,High-risk borrower could be missed by the model.
2838,Logistic Regression,CUST_02838,33,Male,Self-Employed,64593.08,865.5042,7264.3207,5,2,9,1,1,1,0.8406,0.5,0.3406,true_positive,High-risk borrower correctly flagged.
2322,Logistic Regression,CUST_02322,47,Female,Self-Employed,38152.1426,500.0,5776.6666,4,66,7,3,1,1,0.7669,0.5,0.2669,true_positive,High-risk borrower correctly flagged.
3721,Logistic Regression,CUST_03721,66,Other,Employed,52619.3734,4200.578,6945.0211,6,10,1,0,1,1,0.9155,0.5,0.4155,true_positive,High-risk borrower correctly flagged.
2388,Logistic Regression,CUST_02388,32,Other,Self-Employed,35290.3807,4219.627,13416.4849,3,66,9,2,1,1,0.5444,0.5,0.0444,true_positive,High-risk borrower correctly flagged.
1927,Logistic Regression,CUST_01927,63,Female,Self-Employed,82680.3947,12562.0598,18286.8334,3,46,7,5,0,1,0.597,0.5,0.097,false_positive,Good borrower could be wrongly flagged as high risk.
1614,Logistic Regression,CUST_01614,58,Female,Employed,50171.4348,3065.9364,10315.4663,3,16,16,4,0,1,0.5449,0.5,0.0449,false_positive,Good borrower could be wrongly flagged as high risk.
3910,Logistic Regression,CUST_03910,40,Female,Employed,33857.8811,2733.2247,11612.758,4,13,11,0,1,1,0.7765,0.5,0.2765,true_positive,High-risk borrower correctly flagged.
4202,Logistic Regression,CUST_04202,31,Male,Employed,45919.6443,500.0,9932.529,2,44,19,9,1,0,0.4353,0.5,0.0647,false_negative,High-risk borrower could be missed by the model.
4645,Logistic Regression,CUST_04645,46,Female,Employed,34239.8822,11263.3363,9750.5307,4,37,15,4,1,1,0.8249,0.5,0.3249,true_positive,High-risk borrower correctly flagged.
1561,Logistic Regression,CUST_01561,67,Male,Unemployed,35002.5008,11268.6296,13816.2441,2,1,5,9,0,0,0.4341,0.5,0.0659,true_negative,Good borrower correctly not flagged.
2200,Logistic Regression,CUST_02200,62,Female,Self-Employed,51651.3178,4970.8029,1134.2409,0,48,17,0,0,0,0.0945,0.5,0.4055,true_negative,Good borrower correctly not flagged.
1899,Logistic Regression,CUST_01899,34,Male,Self-Employed,87116.9208,6836.4553,8626.4008,2,30,18,9,0,0,0.3655,0.5,0.1345,true_negative,Good borrower correctly not flagged.
1212,Logistic Regression,CUST_01212,31,Female,Unemployed,46060.0534,7293.9357,21386.9158,3,33,13,1,1,1,0.5927,0.5,0.0927,true_positive,High-risk borrower correctly flagged.
2338,Logistic Regression,CUST_02338,25,Female,Employed,59998.0313,7544.8118,16815.6907,7,71,6,1,1,1,0.9745,0.5,0.4745,true_positive,High-risk borrower correctly flagged.
433,Logistic Regression,CUST_00433,25,Male,Self-Employed,57750.2129,13000.9921,8683.3815,5,27,10,6,1,1,0.8811,0.5,0.3811,true_positive,High-risk borrower correctly flagged.
775,Logistic Regression,CUST_00775,66,Other,Self-Employed,45435.8629,17971.1244,7163.8706,0,24,7,5,1,0,0.1077,0.5,0.3923,false_negative,High-risk borrower could be missed by the model.
3639,Logistic Regression,CUST_03639,31,Male,Self-Employed,91334.1077,500.0,12575.2832,5,11,4,1,1,1,0.8165,0.5,0.3165,true_positive,High-risk borrower correctly flagged.
2055,Logistic Regression,CUST_02055,29,Female,Self-Employed,74854.5186,10598.4012,14413.8173,0,19,3,0,0,0,0.0935,0.5,0.4065,true_negative,Good borrower correctly not flagged.
2772,Logistic Regression,CUST_02772,30,Female,Employed,66492.8456,6131.4116,18844.2926,0,78,4,3,0,0,0.1094,0.5,0.3906,true_negative,Good borrower correctly not flagged.
1424,Logistic Regression,CUST_01424,53,Male,Self-Employed,36910.6721,13894.1167,10067.2316,3,45,8,7,0,1,0.5463,0.5,0.0463,false_positive,Good borrower could be wrongly flagged as high risk.
3890,Logistic Regression,CUST_03890,51,Male,Employed,80882.6017,3403.9889,10926.2084,4,4,15,5,1,1,0.7392,0.5,0.2392,true_positive,High-risk borrower correctly flagged.
1675,Logistic Regression,CUST_01675,22,Male,Unemployed,50787.7075,8186.425,19797.9182,5,50,18,7,1,1,0.8883,0.5,0.3883,true_positive,High-risk borrower correctly flagged.
3665,Logistic Regression,CUST_03665,49,Female,Employed,35319.6166,2458.035,17180.2278,0,42,3,6,0,0,0.1134,0.5,0.3866,true_negative,Good borrower correctly not flagged.
1714,Logistic Regression,CUST_01714,61,Other,Employed,31871.6353,6646.3272,9921.3476,0,6,0,6,1,0,0.0996,0.5,0.4004,false_negative,High-risk borrower could be missed by the model.
4111,Logistic Regression,CUST_04111,58,Female,Employed,24980.8685,11703.3112,10445.6495,0,37,0,4,1,0,0.1325,0.5,0.3675,false_negative,High-risk borrower could be missed by the model.
3831,Logistic Regression,CUST_03831,24,Female,Unemployed,43832.8197,4281.0475,17366.8402,2,11,11,7,0,0,0.4556,0.5,0.0444,true_negative,Good borrower correctly not flagged.
324,Logistic Regression,CUST_00324,39,Other,Employed,55027.6852,8390.3108,2582.7273,2,13,15,2,1,0,0.3153,0.5,0.1847,false_negative,High-risk borrower could be missed by the model.
2702,Logistic Regression,CUST_02702,58,Male,Employed,35945.3373,9312.6995,6352.0031,1,13,18,7,1,0,0.2471,0.5,0.2529,false_negative,High-risk borrower could be missed by the model.
2333,Logistic Regression,CUST_02333,55,Other,Self-Employed,67368.1589,12030.8971,4948.0494,7,53,14,8,1,1,0.9744,0.5,0.4744,true_positive,High-risk borrower correctly flagged.
4958,Logistic Regression,CUST_04958,65,Other,Unemployed,71592.6227,13894.5931,4445.1626,2,54,6,7,0,0,0.379,0.5,0.121,true_negative,Good borrower correctly not flagged.
601,Logistic Regression,CUST_00601,67,Male,Unemployed,62736.5562,7314.3372,11742.2422,6,4,14,5,1,1,0.9417,0.5,0.4417,true_positive,High-risk borrower correctly flagged.
409,Logistic Regression,CUST_00409,32,Female,Unemployed,66039.2697,12043.4506,5292.424,2,21,8,0,0,0,0.3742,0.5,0.1258,true_negative,Good borrower correctly not flagged.
1903,Logistic Regression,CUST_01903,27,Female,Self-Employed,30352.476,6002.3751,11498.0528,5,46,18,4,1,1,0.8826,0.5,0.3826,true_positive,High-risk borrower correctly flagged.
580,Logistic Regression,CUST_00580,67,Other,Unemployed,97767.0478,9238.4851,14680.7381,2,11,11,9,0,0,0.3806,0.5,0.1194,true_negative,Good borrower correctly not flagged.
3908,Logistic Regression,CUST_03908,29,Other,Unemployed,44310.2129,11120.7522,1940.6087,2,38,16,3,0,0,0.3677,0.5,0.1323,true_negative,Good borrower correctly not flagged.
2515,Logistic Regression,CUST_02515,21,Other,Employed,29637.3021,500.0,11995.324,1,9,19,8,1,0,0.1687,0.5,0.3313,false_negative,High-risk borrower could be missed by the model.
3742,Logistic Regression,CUST_03742,57,Other,Unemployed,58271.1398,3967.2847,2134.3212,6,52,1,8,1,1,0.9342,0.5,0.4342,true_positive,High-risk borrower correctly flagged.
3249,Logistic Regression,CUST_03249,29,Other,Employed,44664.8243,8863.3184,26509.7954,2,11,6,0,0,0,0.3525,0.5,0.1475,true_negative,Good borrower correctly not flagged.
4390,Logistic Regression,CUST_04390,29,Female,Unemployed,29010.9539,500.0,10398.5934,2,23,16,0,0,0,0.3708,0.5,0.1292,true_negative,Good borrower correctly not flagged.
2569,Logistic Regression,CUST_02569,52,Male,Employed,58619.2436,10896.1076,14872.4476,1,51,14,9,1,0,0.232,0.5,0.268,false_negative,High-risk borrower could be missed by the model.
875,Logistic Regression,CUST_00875,32,Male,Unemployed,58475.7726,9069.9696,17380.934,3,55,14,1,0,1,0.6433,0.5,0.1433,false_positive,Good borrower could be wrongly flagged as high risk.
4984,Logistic Regression,CUST_04984,42,Male,Self-Employed,60701.3044,500.0,8078.0621,5,56,16,8,1,1,0.8762,0.5,0.3762,true_positive,High-risk borrower correctly flagged.
977,Logistic Regression,CUST_00977,60,Female,Employed,86451.6395,11638.6458,13093.2211,4,51,10,7,1,1,0.7914,0.5,0.2914,true_positive,High-risk borrower correctly flagged.
4011,Logistic Regression,CUST_04011,39,Female,Employed,26048.4772,1678.8197,6149.1557,3,25,2,1,0,1,0.5411,0.5,0.0411,false_positive,Good borrower could be wrongly flagged as high risk.
3179,Logistic Regression,CUST_03179,58,Male,Unemployed,56809.5901,7035.2134,15848.1739,4,66,13,4,1,1,0.7659,0.5,0.2659,true_positive,High-risk borrower correctly flagged.
973,Logistic Regression,CUST_00973,44,Female,Self-Employed,34166.4992,2792.7764,15493.6447,3,36,1,3,1,1,0.534,0.5,0.034,true_positive,High-risk borrower correctly flagged.
4970,Logistic Regression,CUST_04970,68,Other,Self-Employed,33591.946,12070.6282,15719.5571,7,73,8,7,1,1,0.9806,0.5,0.4806,true_positive,High-risk borrower correctly flagged.
4551,Logistic Regression,CUST_04551,33,Other,Unemployed,64925.8708,1729.8678,19863.6591,4,28,17,2,1,1,0.7561,0.5,0.2561,true_positive,High-risk borrower correctly flagged.
1308,Logistic Regression,CUST_01308,33,Female,Employed,32976.1104,8647.0078,6530.8603,1,51,5,3,1,0,0.2102,0.5,0.2898,false_negative,High-risk borrower could be missed by the model.
951,Logistic Regression,CUST_00951,65,Male,Employed,55153.9999,9843.66,14279.0878,3,56,4,2,0,1,0.5668,0.5,0.0668,false_positive,Good borrower could be wrongly flagged as high risk.
4673,Logistic Regression,CUST_04673,37,Male,Employed,68328.2878,8629.8751,1654.3687,5,43,2,4,1,1,0.856,0.5,0.356,true_positive,High-risk borrower correctly flagged.
1321,Logistic Regression,CUST_01321,58,Male,Unemployed,50603.4732,10355.6921,12022.8697,0,74,15,7,0,0,0.1217,0.5,0.3783,true_negative,Good borrower correctly not flagged.
900,Logistic Regression,CUST_00900,24,Male,Unemployed,54426.9869,14686.3742,2827.2254,4,78,8,5,1,1,0.7591,0.5,0.2591,true_positive,High-risk borrower correctly flagged.
1407,Logistic Regression,CUST_01407,69,Other,Employed,56871.0454,3545.6715,9546.2119,2,54,11,4,0,0,0.3618,0.5,0.1382,true_negative,Good borrower correctly not flagged.
514,Logistic Regression,CUST_00514,38,Female,Employed,45942.8849,500.0,24029.0349,4,51,1,8,1,1,0.8015,0.5,0.3015,true_positive,High-risk borrower correctly flagged.
3618,Logistic Regression,CUST_03618,66,Male,Self-Employed,29401.6422,5285.5893,17250.6188,1,31,11,3,1,0,0.1865,0.5,0.3135,false_negative,High-risk borrower could be missed by the model.
719,Logistic Regression,CUST_00719,68,Other,Unemployed,70506.8852,14464.2801,10679.7577,7,55,11,2,1,1,0.9736,0.5,0.4736,true_positive,High-risk borrower correctly flagged.
2684,Logistic Regression,CUST_02684,40,Male,Employed,44446.2985,10306.7325,24393.9451,1,47,6,4,1,0,0.2459,0.5,0.2541,false_negative,High-risk borrower could be missed by the model.
416,Logistic Regression,CUST_00416,65,Female,Employed,69790.4435,7988.093,8302.3505,1,28,14,7,0,0,0.2488,0.5,0.2512,true_negative,Good borrower correctly not flagged.
2109,Logistic Regression,CUST_02109,24,Female,Self-Employed,45411.8069,6598.7691,18778.7925,6,9,1,8,1,1,0.9469,0.5,0.4469,true_positive,High-risk borrower correctly flagged.
4446,Logistic Regression,CUST_04446,45,Male,Self-Employed,45443.4809,10723.4162,20113.7664,7,67,0,6,1,1,0.9753,0.5,0.4753,true_positive,High-risk borrower correctly flagged.
2967,Logistic Regression,CUST_02967,31,Male,Employed,32681.4165,1180.875,15108.3227,0,50,18,6,1,0,0.1059,0.5,0.3941,false_negative,High-risk borrower could be missed by the model.
4144,Logistic Regression,CUST_04144,28,Other,Unemployed,62601.3085,8140.0968,6758.1007,7,57,6,5,1,1,0.9688,0.5,0.4688,true_positive,High-risk borrower correctly flagged.
317,Logistic Regression,CUST_00317,55,Female,Self-Employed,86447.6409,6432.5835,8577.3164,7,77,7,1,1,1,0.9705,0.5,0.4705,true_positive,High-risk borrower correctly flagged.
179,Logistic Regression,CUST_00179,49,Other,Self-Employed,53338.838,12075.9708,12440.8498,6,3,17,4,1,1,0.94,0.5,0.44,true_positive,High-risk borrower correctly flagged.
4512,Logistic Regression,CUST_04512,61,Female,Unemployed,52143.3782,15989.569,11252.7882,1,21,3,4,1,0,0.2402,0.5,0.2598,false_negative,High-risk borrower could be missed by the model.
4636,Logistic Regression,CUST_04636,48,Other,Employed,71118.1236,1092.6956,5135.8395,4,39,19,8,1,1,0.7316,0.5,0.2316,true_positive,High-risk borrower correctly flagged.
2768,Logistic Regression,CUST_02768,69,Other,Employed,41262.0554,9841.6317,7951.0049,0,65,4,2,0,0,0.0823,0.5,0.4177,true_negative,Good borrower correctly not flagged.
3598,Logistic Regression,CUST_03598,38,Female,Self-Employed,56283.764,12674.5671,10131.8789,4,29,13,6,1,1,0.7667,0.5,0.2667,true_positive,High-risk borrower correctly flagged.
689,Logistic Regression,CUST_00689,47,Other,Employed,10506.3728,7625.4497,3867.9844,7,75,9,0,1,1,0.9555,0.5,0.4555,true_positive,High-risk borrower correctly flagged.
2538,Logistic Regression,CUST_02538,31,Male,Employed,69163.8593,8103.8869,17313.5729,7,71,8,3,1,1,0.971,0.5,0.471,true_positive,High-risk borrower correctly flagged.
2791,Logistic Regression,CUST_02791,32,Male,Self-Employed,63735.1163,10527.4764,13526.0926,0,53,7,2,0,0,0.09,0.5,0.41,true_negative,Good borrower correctly not flagged.
431,Logistic Regression,CUST_00431,68,Other,Self-Employed,31151.3031,3199.1383,16420.0009,6,78,11,3,1,1,0.929,0.5,0.429,true_positive,High-risk borrower correctly flagged.
370,Logistic Regression,CUST_00370,54,Other,Employed,20771.5044,10027.4114,8975.1861,4,57,15,8,1,1,0.7663,0.5,0.2663,true_positive,High-risk borrower correctly flagged.
653,Logistic Regression,CUST_00653,28,Female,Employed,60782.7124,11681.484,2117.3904,3,61,1,5,1,1,0.667,0.5,0.167,true_positive,High-risk borrower correctly flagged.
4652,Logistic Regression,CUST_04652,38,Other,Employed,22396.989,11952.2626,11910.6151,0,10,15,9,0,0,0.1071,0.5,0.3929,true_negative,Good borrower correctly not flagged.
4363,Logistic Regression,CUST_04363,62,Female,Employed,48369.4336,9777.7843,19478.9175,1,8,16,2,1,0,0.218,0.5,0.282,false_negative,High-risk borrower could be missed by the model.
412,Logistic Regression,CUST_00412,64,Other,Employed,26219.918,13766.7757,2726.045,4,51,18,2,1,1,0.7721,0.5,0.2721,true_positive,High-risk borrower correctly flagged.
4738,Logistic Regression,CUST_04738,22,Male,Employed,74073.5967,12263.2473,18524.0506,1,60,3,9,0,0,0.2391,0.5,0.2609,true_negative,Good borrower correctly not flagged.
4506,Logistic Regression,CUST_04506,59,Male,Unemployed,49459.7168,6210.7636,3110.9528,1,11,5,3,0,0,0.2115,0.5,0.2885,true_negative,Good borrower correctly not flagged.
388,Logistic Regression,CUST_00388,41,Female,Employed,38506.9636,15143.3838,15613.7222,3,5,1,2,0,1,0.6192,0.5,0.1192,false_positive,Good borrower could be wrongly flagged as high risk.
3378,Logistic Regression,CUST_03378,25,Male,Self-Employed,50026.4127,15214.0014,5339.6599,2,6,12,5,0,0,0.3707,0.5,0.1293,true_negative,Good borrower correctly not flagged.
3167,Logistic Regression,CUST_03167,69,Female,Self-Employed,54760.6472,8290.72,19660.0561,2,59,11,9,0,0,0.4193,0.5,0.0807,true_negative,Good borrower correctly not flagged.
3113,Logistic Regression,CUST_03113,33,Female,Unemployed,63608.86,11914.0463,22983.2682,2,43,8,6,1,0,0.4483,0.5,0.0517,false_negative,High-risk borrower could be missed by the model.
1465,Logistic Regression,CUST_01465,45,Other,Employed,21941.5502,5598.7461,9809.9956,0,20,18,1,1,0,0.0854,0.5,0.4146,false_negative,High-risk borrower could be missed by the model.
415,Logistic Regression,CUST_00415,27,Female,Self-Employed,30008.0611,13560.5184,9599.8675,0,72,7,4,1,0,0.1556,0.5,0.3444,false_negative,High-risk borrower could be missed by the model.
1298,Logistic Regression,CUST_01298,48,Female,Unemployed,69730.1228,9313.3657,18165.2024,7,27,2,4,1,1,0.9771,0.5,0.4771,true_positive,High-risk borrower correctly flagged.
3734,Logistic Regression,CUST_03734,68,Other,Self-Employed,45256.0001,8591.2067,22721.0464,0,20,8,3,0,0,0.0948,0.5,0.4052,true_negative,Good borrower correctly not flagged.
369,Logistic Regression,CUST_00369,50,Other,Self-Employed,20050.8733,8511.7933,12555.8869,5,24,9,8,1,1,0.8945,0.5,0.3945,true_positive,High-risk borrower correctly flagged.
2777,Logistic Regression,CUST_02777,68,Female,Self-Employed,46449.4885,1615.179,20316.2749,3,47,5,1,0,1,0.5871,0.5,0.0871,false_positive,Good borrower could be wrongly flagged as high risk.
3396,Logistic Regression,CUST_03396,36,Female,Unemployed,56786.483,6310.699,16790.4024,5,2,11,6,1,1,0.8791,0.5,0.3791,true_positive,High-risk borrower correctly flagged.
2611,Logistic Regression,CUST_02611,33,Female,Unemployed,36564.1455,6372.6151,1649.5537,2,61,18,9,1,0,0.4598,0.5,0.0402,false_negative,High-risk borrower could be missed by the model.
3276,Logistic Regression,CUST_03276,69,Other,Employed,74750.9808,2456.5358,17806.8567,5,50,7,5,1,1,0.8368,0.5,0.3368,true_positive,High-risk borrower correctly flagged.
4290,Logistic Regression,CUST_04290,50,Other,Unemployed,69968.843,8769.4316,18744.9472,6,36,4,4,1,1,0.9375,0.5,0.4375,true_positive,High-risk borrower correctly flagged.
3664,Logistic Regression,CUST_03664,35,Other,Employed,39445.8656,500.0,7702.4293,1,9,3,2,1,0,0.152,0.5,0.348,false_negative,High-risk borrower could be missed by the model.
3426,Logistic Regression,CUST_03426,42,Other,Employed,46119.2405,6197.9075,12727.5552,7,54,17,7,1,1,0.9695,0.5,0.4695,true_positive,High-risk borrower correctly flagged.
3410,Logistic Regression,CUST_03410,57,Male,Self-Employed,33198.1068,7940.253,13209.8709,6,27,4,0,1,1,0.9286,0.5,0.4286,true_positive,High-risk borrower correctly flagged.
1560,Logistic Regression,CUST_01560,28,Female,Self-Employed,10000.0,12572.8774,1915.0073,1,33,13,1,0,0,0.1796,0.5,0.3204,true_negative,Good borrower correctly not flagged.
1253,Logistic Regression,CUST_01253,30,Other,Unemployed,51234.7704,6234.7875,16091.3333,5,17,14,0,1,1,0.8818,0.5,0.3818,true_positive,High-risk borrower correctly flagged.
4057,Logistic Regression,CUST_04057,30,Female,Unemployed,34730.8305,10430.9566,17716.9872,6,56,16,8,1,1,0.9607,0.5,0.4607,true_positive,High-risk borrower correctly flagged.
1275,Logistic Regression,CUST_01275,47,Female,Employed,36877.3443,500.0,14112.2936,1,10,4,1,1,0,0.2073,0.5,0.2927,false_negative,High-risk borrower could be missed by the model.
472,Logistic Regression,CUST_00472,44,Other,Unemployed,20306.9673,13877.6913,3907.6214,5,45,17,3,1,1,0.8891,0.5,0.3891,true_positive,High-risk borrower correctly flagged.
2241,Logistic Regression,CUST_02241,65,Female,Employed,63865.1489,8833.1844,10519.4063,4,79,3,9,1,1,0.8226,0.5,0.3226,true_positive,High-risk borrower correctly flagged.
1471,Logistic Regression,CUST_01471,55,Female,Unemployed,43060.5733,11364.0079,11747.5331,3,48,13,7,1,1,0.6437,0.5,0.1437,true_positive,High-risk borrower correctly flagged.
4183,Logistic Regression,CUST_04183,66,Female,Self-Employed,28663.1127,13803.7468,15235.3498,4,3,15,2,1,1,0.761,0.5,0.261,true_positive,High-risk borrower correctly flagged.
377,Logistic Regression,CUST_00377,37,Male,Unemployed,49516.8878,6638.4862,17679.7071,2,32,0,7,1,0,0.3816,0.5,0.1184,false_negative,High-risk borrower could be missed by the model.
497,Logistic Regression,CUST_00497,35,Male,Self-Employed,76420.0995,500.0,17656.3949,0,41,3,5,1,0,0.0998,0.5,0.4002,false_negative,High-risk borrower could be missed by the model.
4154,Logistic Regression,CUST_04154,63,Female,Unemployed,33805.8017,8075.0755,11537.3424,0,72,13,1,1,0,0.1197,0.5,0.3803,false_negative,High-risk borrower could be missed by the model.
4433,Logistic Regression,CUST_04433,45,Female,Self-Employed,57857.1644,4165.6094,7160.3463,2,35,3,1,0,0,0.338,0.5,0.162,true_negative,Good borrower correctly not flagged.
2953,Logistic Regression,CUST_02953,40,Female,Employed,51127.7809,9779.3839,10402.7025,4,77,18,3,1,1,0.7809,0.5,0.2809,true_positive,High-risk borrower correctly flagged.
1381,Logistic Regression,CUST_01381,39,Other,Self-Employed,52335.0149,6150.7901,26326.571,1,76,11,1,0,0,0.2056,0.5,0.2944,true_negative,Good borrower correctly not flagged.
4494,Logistic Regression,CUST_04494,47,Male,Unemployed,45863.5333,13292.5913,18027.447,5,8,0,3,1,1,0.8895,0.5,0.3895,true_positive,High-risk borrower correctly flagged.
1500,Logistic Regression,CUST_01500,44,Male,Unemployed,62865.3837,7995.9613,22088.8783,6,76,18,9,1,1,0.9588,0.5,0.4588,true_positive,High-risk borrower correctly flagged.
2876,Logistic Regression,CUST_02876,68,Female,Employed,36180.7157,4325.132,3962.6787,0,12,18,5,1,0,0.1023,0.5,0.3977,false_negative,High-risk borrower could be missed by the model.
3632,Logistic Regression,CUST_03632,38,Male,Unemployed,43637.9175,4946.2822,3169.5923,4,48,10,4,1,1,0.7472,0.5,0.2472,true_positive,High-risk borrower correctly flagged.
2982,Logistic Regression,CUST_02982,39,Male,Employed,40679.5052,4969.6717,10595.4092,3,52,5,1,0,1,0.5359,0.5,0.0359,false_positive,Good borrower could be wrongly flagged as high risk.
4403,Logistic Regression,CUST_04403,67,Female,Self-Employed,46161.285,7884.398,11845.4514,1,35,7,4,0,0,0.2599,0.5,0.2401,true_negative,Good borrower correctly not flagged.
4805,Logistic Regression,CUST_04805,68,Female,Self-Employed,13491.0853,11465.7638,18093.8673,0,47,13,2,1,0,0.1276,0.5,0.3724,false_negative,High-risk borrower could be missed by the model.
4088,Logistic Regression,CUST_04088,62,Female,Self-Employed,53733.5705,3410.6487,22798.3752,3,37,2,6,0,1,0.5858,0.5,0.0858,false_positive,Good borrower could be wrongly flagged as high risk.
4413,Logistic Regression,CUST_04413,29,Female,Unemployed,30112.3474,10665.1453,8550.3744,2,27,15,8,0,0,0.4614,0.5,0.0386,true_negative,Good borrower correctly not flagged.
477,Logistic Regression,CUST_00477,58,Other,Employed,10249.3006,12385.0009,9779.5448,6,44,19,3,1,1,0.9279,0.5,0.4279,true_positive,High-risk borrower correctly flagged.
4177,Logistic Regression,CUST_04177,55,Other,Self-Employed,52688.0091,6288.4479,5283.8146,2,63,3,5,1,0,0.3494,0.5,0.1506,false_negative,High-risk borrower could be missed by the model.
631,Logistic Regression,CUST_00631,58,Other,Employed,46233.2352,12147.9514,23802.4284,2,66,5,8,1,0,0.389,0.5,0.111,false_negative,High-risk borrower could be missed by the model.
4142,Logistic Regression,CUST_04142,64,Other,Employed,24628.1202,10306.1661,11538.3277,0,59,16,9,1,0,0.1413,0.5,0.3587,false_negative,High-risk borrower could be missed by the model.
1693,Logistic Regression,CUST_01693,51,Other,Self-Employed,54464.7316,5424.2923,9352.1902,7,45,12,3,1,1,0.966,0.5,0.466,true_positive,High-risk borrower correctly flagged.
4992,Logistic Regression,CUST_04992,56,Other,Employed,50718.7948,9681.3052,577.6895,0,2,12,2,1,0,0.0709,0.5,0.4291,false_negative,High-risk borrower could be missed by the model.
1156,Logistic Regression,CUST_01156,46,Male,Self-Employed,29795.2822,21761.4944,6477.8428,7,66,11,9,1,1,0.9806,0.5,0.4806,true_positive,High-risk borrower correctly flagged.
3929,Logistic Regression,CUST_03929,26,Female,Unemployed,34848.0877,4716.719,11863.4356,6,16,17,9,1,1,0.9578,0.5,0.4578,true_positive,High-risk borrower correctly flagged.
4384,Logistic Regression,CUST_04384,41,Other,Self-Employed,68996.6772,6708.6043,13641.7529,7,36,14,8,1,1,0.9728,0.5,0.4728,true_positive,High-risk borrower correctly flagged.
2113,Logistic Regression,CUST_02113,66,Female,Unemployed,63730.5564,12076.2413,15623.4724,2,68,4,3,0,0,0.4282,0.5,0.0718,true_negative,Good borrower correctly not flagged.
1647,Logistic Regression,CUST_01647,68,Female,Employed,57559.7974,500.0,11714.7164,7,65,10,2,1,1,0.9755,0.5,0.4755,true_positive,High-risk borrower correctly flagged.
3942,Logistic Regression,CUST_03942,28,Female,Employed,73969.4377,11636.8639,6752.1788,3,40,12,1,1,1,0.5636,0.5,0.0636,true_positive,High-risk borrower correctly flagged.
1973,Logistic Regression,CUST_01973,51,Other,Self-Employed,40823.0147,12950.3412,21823.3628,7,24,11,9,1,1,0.9795,0.5,0.4795,true_positive,High-risk borrower correctly flagged.
2247,Logistic Regression,CUST_02247,35,Male,Self-Employed,57309.425,12718.8474,11581.0812,1,16,5,6,1,0,0.2342,0.5,0.2658,false_negative,High-risk borrower could be missed by the model.
2308,Logistic Regression,CUST_02308,27,Female,Unemployed,46994.741,10010.6072,5125.7666,6,63,3,3,1,1,0.9382,0.5,0.4382,true_positive,High-risk borrower correctly flagged.
2924,Logistic Regression,CUST_02924,22,Male,Unemployed,55498.0324,8290.6305,14744.8394,2,33,11,6,0,0,0.3786,0.5,0.1214,true_negative,Good borrower correctly not flagged.
3867,Logistic Regression,CUST_03867,34,Other,Employed,59618.7781,10376.9367,8466.6128,5,15,17,5,1,1,0.8577,0.5,0.3577,true_positive,High-risk borrower correctly flagged.
2242,Logistic Regression,CUST_02242,23,Female,Self-Employed,46904.4366,13275.6671,26335.0208,5,75,9,6,1,1,0.907,0.5,0.407,true_positive,High-risk borrower correctly flagged.
1871,Logistic Regression,CUST_01871,39,Other,Employed,54117.9208,8738.7746,4804.5039,5,15,13,5,1,1,0.8707,0.5,0.3707,true_positive,High-risk borrower correctly flagged.
1279,Logistic Regression,CUST_01279,26,Male,Self-Employed,71820.681,6110.942,2928.3393,7,62,10,2,1,1,0.968,0.5,0.468,true_positive,High-risk borrower correctly flagged.
3193,Logistic Regression,CUST_03193,41,Male,Employed,63401.5329,1961.7519,14720.0966,3,20,18,8,0,1,0.5859,0.5,0.0859,false_positive,Good borrower could be wrongly flagged as high risk.
251,Logistic Regression,CUST_00251,38,Male,Unemployed,38717.7395,15726.8795,11348.8535,5,11,16,5,1,1,0.8974,0.5,0.3974,true_positive,High-risk borrower correctly flagged.
4046,Logistic Regression,CUST_04046,36,Other,Employed,75016.2664,8601.7702,12230.6236,2,62,17,9,1,0,0.3964,0.5,0.1036,false_negative,High-risk borrower could be missed by the model.
2614,Logistic Regression,CUST_02614,40,Male,Unemployed,61072.1394,3416.8465,0.0,4,21,2,1,1,1,0.7753,0.5,0.2753,true_positive,High-risk borrower correctly flagged.
2743,Logistic Regression,CUST_02743,23,Male,Employed,44310.6795,10722.8257,18585.7204,5,27,11,0,1,1,0.8847,0.5,0.3847,true_positive,High-risk borrower correctly flagged.
4472,Logistic Regression,CUST_04472,66,Other,Unemployed,31985.4345,2767.0792,4328.4456,1,69,17,8,0,0,0.1846,0.5,0.3154,true_negative,Good borrower correctly not flagged.
2,Logistic Regression,CUST_00002,34,Other,Unemployed,75566.8373,10909.8065,15017.1441,5,36,5,6,1,1,0.8777,0.5,0.3777,true_positive,High-risk borrower correctly flagged.
1571,Logistic Regression,CUST_01571,37,Male,Self-Employed,30746.0547,9663.5794,18333.9015,5,26,16,7,1,1,0.8771,0.5,0.3771,true_positive,High-risk borrower correctly flagged.
2284,Logistic Regression,CUST_02284,20,Female,Unemployed,28805.2525,11160.9342,20198.9379,2,2,13,6,0,0,0.418,0.5,0.082,true_negative,Good borrower correctly not flagged.
4573,Logistic Regression,CUST_04573,41,Other,Unemployed,39835.3576,11912.588,12282.7617,0,57,3,8,0,0,0.1083,0.5,0.3917,true_negative,Good borrower correctly not flagged.
4312,Logistic Regression,CUST_04312,57,Female,Employed,59149.1576,8647.3464,3110.9087,2,73,1,3,1,0,0.3596,0.5,0.1404,false_negative,High-risk borrower could be missed by the model.
3735,Logistic Regression,CUST_03735,68,Female,Unemployed,36811.2778,8897.7747,14644.1332,2,79,7,6,1,0,0.4029,0.5,0.0971,false_negative,High-risk borrower could be missed by the model.
1624,Logistic Regression,CUST_01624,49,Other,Employed,69911.0915,8350.1796,7855.6051,6,3,18,8,1,1,0.9397,0.5,0.4397,true_positive,High-risk borrower correctly flagged.
4191,Logistic Regression,CUST_04191,55,Male,Employed,57605.0653,9463.7566,18073.4693,4,69,15,5,1,1,0.7892,0.5,0.2892,true_positive,High-risk borrower correctly flagged.
1314,Logistic Regression,CUST_01314,69,Other,Self-Employed,66914.7349,7754.2594,19287.0953,6,12,0,4,1,1,0.9336,0.5,0.4336,true_positive,High-risk borrower correctly flagged.
767,Logistic Regression,CUST_00767,49,Male,Employed,50245.0811,500.0,6706.7389,3,3,19,4,0,1,0.5099,0.5,0.0099,false_positive,Good borrower could be wrongly flagged as high risk.
